link,name,Crossing,Finishing,Heading accuracy,Short passing,Volleys,Dribbling,Curve,Free kick accuracy,Long passing,Ball control,Acceleration,Sprint speed,Agility,Reactions,Balance,Shot power,Jumping,Stamina,Strength,Long shots,Aggression,Interceptions,Positioning,Vision,Penalties,Composure,Marking,Standing tackle,Sliding tackle,GK diving,GK handling,GK kicking,GK positioning,GK reflexes
http://sofifa.com/player/178562,Ever Banega,80,65,45,88,65,83,83,81,85,85,71,67,81,78,84,74,58,66,67,77,70,70,72,85,67,79,59,69,62,13,8,7,7,10
http://sofifa.com/player/142754,Javier Mascherano,63,42,68,79,51,58,63,50,75,80,67,64,72,83,78,76,75,76,74,55,88,88,51,68,60,86,81,83,82,6,10,8,5,5
http://sofifa.com/player/191180,Javier Pastore,77,73,63,87,78,87,83,69,83,86,69,72,79,83,58,78,49,67,64,76,65,69,78,86,75,79,49,59,51,14,9,6,10,12
http://sofifa.com/player/170481,Ezequiel Garay,62,58,85,69,49,62,55,74,72,73,39,46,57,77,38,80,79,77,85,68,74,84,49,63,69,79,84,85,82,14,6,13,13,14
http://sofifa.com/player/179847,Federico Fazio,44,41,89,64,35,48,46,37,62,72,31,39,29,82,32,63,40,69,90,26,84,83,32,47,33,83,85,84,79,8,9,12,11,14
http://sofifa.com/player/186547,Mateo Musacchio,55,48,80,76,36,43,53,45,70,72,72,69,72,78,59,57,83,68,78,53,80,84,50,64,57,76,85,84,85,5,11,12,6,12
http://sofifa.com/player/158963,Lucas Biglia,74,50,54,85,78,76,71,76,83,84,70,68,76,80,78,77,62,80,70,75,83,82,55,80,72,80,70,80,78,14,12,7,12,7
http://sofifa.com/player/188988,Manuel Lanzini,74,70,56,80,61,87,75,76,78,86,85,80,88,73,88,75,76,78,45,73,47,23,72,79,73,75,20,36,25,14,9,6,7,15
http://sofifa.com/player/173373,Sergio Romero,11,14,12,39,17,12,12,13,48,40,47,44,52,79,44,14,63,35,75,11,33,21,11,55,16,63,14,11,15,78,76,81,78,82
http://sofifa.com/player/183900,Diego Perotti,79,66,57,82,60,88,72,64,69,88,86,78,83,80,79,73,64,75,60,75,51,36,78,84,90,81,24,31,22,5,8,14,6,8
http://sofifa.com/player/201862,Marcos Rojo,75,50,82,72,49,67,67,57,73,68,69,70,71,75,63,79,82,75,80,63,92,80,57,57,64,72,79,80,78,7,8,12,15,10
http://sofifa.com/player/142780,Gonzalo Rodriguez,38,44,84,70,22,62,50,46,74,70,65,70,64,76,60,68,86,66,78,36,80,83,32,64,74,78,82,84,80,12,4,11,12,9
http://sofifa.com/player/190972,Eduardo Salvio,78,76,67,74,72,80,77,64,72,81,88,87,86,78,84,76,87,83,63,76,67,52,83,75,60,78,40,38,33,9,11,9,5,14
http://sofifa.com/player/176915,Augusto Fernandez,70,69,59,81,57,78,65,61,80,81,67,71,75,80,75,74,59,75,73,73,80,77,78,81,62,81,57,76,64,9,13,6,16,9
http://sofifa.com/player/193061,Roberto Pereyra,78,63,60,83,74,82,78,72,76,83,78,78,79,78,75,67,66,79,64,74,66,72,76,81,72,78,64,66,70,4,5,3,4,8
http://sofifa.com/player/224334,Marcos Acuna,86,67,55,76,68,79,87,78,72,80,85,84,84,78,86,78,69,91,76,83,74,65,77,78,48,83,57,63,54,8,14,13,13,14
http://sofifa.com/player/207439,Leandro Paredes,74,55,60,84,73,78,79,78,81,83,75,69,77,74,77,82,61,79,69,80,79,72,76,82,57,74,65,75,73,9,14,6,9,10
http://sofifa.com/player/165536,Gustavo Cabral,35,26,81,74,28,49,33,48,59,61,43,42,59,76,63,50,86,75,78,29,84,80,40,49,47,71,82,79,84,11,7,11,7,11
http://sofifa.com/player/214997,Angel Correa,64,82,65,68,79,87,82,65,60,85,85,79,87,82,83,80,52,67,62,83,41,45,79,69,55,72,46,51,44,13,10,9,8,16
http://sofifa.com/player/143587,Fernando Belluschi,81,69,58,80,75,79,85,82,78,80,70,70,78,80,74,83,67,65,70,80,73,69,74,86,75,85,45,65,59,11,9,12,13,7
http://sofifa.com/player/176376,Ignacio Piatti,68,81,34,76,77,85,82,59,71,85,79,76,87,82,81,81,32,86,70,80,80,55,83,73,79,83,55,62,24,14,13,7,7,15
http://sofifa.com/player/201988,Federico Fernandez,23,26,80,70,21,39,49,42,56,66,48,48,48,72,48,27,76,68,79,29,78,82,36,44,42,71,82,79,78,12,12,13,14,12
http://sofifa.com/player/215057,Ivan Marcone,58,48,73,78,49,66,59,60,83,73,57,42,58,79,60,73,41,84,82,66,81,79,56,65,59,73,73,78,71,16,11,12,16,10
http://sofifa.com/player/215061,Dario Benedetto,61,83,75,67,71,74,67,60,65,74,78,84,76,75,68,82,86,78,74,80,64,28,82,69,72,76,24,25,25,10,14,12,8,11
http://sofifa.com/player/188955,Gustavo Bou,69,80,74,71,74,79,66,71,61,79,76,76,74,77,76,80,77,82,76,73,52,39,79,71,71,78,19,22,21,6,6,15,16,7
http://sofifa.com/player/139062,Willy Caballero,12,11,22,33,13,12,23,11,48,30,44,47,39,76,55,23,70,41,69,14,30,19,7,47,16,56,15,11,12,79,76,72,78,80
http://sofifa.com/player/211256,Nicolas Tagliafico,71,57,76,73,38,74,61,40,66,75,92,85,83,74,82,66,84,88,62,44,73,77,66,68,46,73,79,78,78,13,9,10,15,16
http://sofifa.com/player/196432,Enzo Perez,66,66,59,85,58,67,62,63,73,82,76,69,76,78,78,79,75,90,74,68,86,80,71,73,82,83,71,80,78,9,11,7,15,13
http://sofifa.com/player/207441,Luciano Vietto,66,81,69,79,81,85,83,70,59,85,76,75,78,82,88,70,74,67,57,75,66,35,83,73,69,71,23,40,32,14,14,8,8,12
http://sofifa.com/player/172114,Diego Valeri,78,79,68,78,74,77,80,79,76,80,63,62,72,80,73,85,68,79,63,84,53,36,83,82,71,83,30,33,30,15,15,8,10,12
http://sofifa.com/player/183899,Pablo Piatti,79,76,71,78,72,81,81,58,70,80,88,83,85,75,91,63,76,63,50,70,55,51,80,77,59,68,36,35,38,10,8,13,8,10
http://sofifa.com/player/165501,Nicolas Pareja,65,51,80,76,49,59,70,78,77,78,42,35,45,82,61,77,69,43,77,69,83,80,43,56,69,83,77,80,76,14,14,15,14,13
http://sofifa.com/player/170368,Erik Lamela,76,73,71,82,77,84,83,79,72,80,77,73,77,74,70,80,64,74,59,82,74,43,77,80,75,75,37,47,39,10,15,11,8,13
http://sofifa.com/player/219576,Rodrigo Battaglia,58,67,68,78,64,77,65,64,74,76,65,67,67,78,67,80,74,93,82,81,83,83,77,73,57,77,74,82,76,7,7,7,9,9
http://sofifa.com/player/142784,Pablo Zabaleta,74,49,75,72,53,73,68,66,64,75,60,61,69,84,66,66,84,72,78,57,85,84,71,66,64,76,78,83,82,10,14,15,7,5
http://sofifa.com/player/215259,Emiliano Rigoni,81,75,65,75,71,82,81,78,73,77,90,85,80,69,68,71,57,80,58,78,44,33,75,77,60,71,46,41,55,16,6,10,8,16
http://sofifa.com/player/160741,David Abraham,44,46,78,73,65,44,45,67,75,58,76,83,61,76,55,74,77,68,80,65,79,74,31,49,54,78,78,83,78,6,10,12,9,8
http://sofifa.com/player/173306,Cristian Ansaldi,78,57,63,77,51,80,76,45,76,78,77,83,79,79,66,60,70,87,69,66,80,75,65,73,52,81,78,79,80,15,15,11,8,8
http://sofifa.com/player/143121,Jose Sosa,78,62,50,80,77,83,86,85,78,83,67,75,75,74,77,79,47,73,67,76,69,60,76,82,75,78,52,64,60,11,15,13,6,9
http://sofifa.com/player/176919,Nahuel Guzman,20,10,15,39,12,21,18,22,46,25,51,52,70,78,53,25,66,38,78,17,33,29,19,55,12,30,12,13,12,77,76,65,78,80
http://sofifa.com/player/215353,Lucas Alario,48,83,81,69,72,75,49,43,48,78,73,71,71,69,72,76,91,75,80,62,72,22,85,65,73,74,25,27,20,8,15,7,15,15
http://sofifa.com/player/205633,Lucas Castro,78,58,58,80,67,80,76,68,76,82,78,78,78,76,78,77,66,77,68,74,59,73,75,77,68,77,58,68,68,6,7,9,15,5
http://sofifa.com/player/193601,German Pezzella,43,53,83,60,32,47,46,25,54,66,47,47,31,77,48,54,84,62,78,51,81,79,58,22,35,69,78,77,76,7,9,13,10,15
http://sofifa.com/player/207939,Guido Pizarro,62,59,65,80,62,69,66,54,72,74,64,56,61,72,54,66,71,86,80,65,87,80,67,71,60,77,72,77,77,7,12,16,15,7
http://sofifa.com/player/213582,Alan Ruiz,78,76,63,80,83,86,75,74,81,85,58,60,72,72,72,88,55,69,75,86,48,30,70,84,69,81,29,33,31,7,7,16,13,16
http://sofifa.com/player/152912,Jose Sand,56,84,84,71,80,66,54,66,44,84,47,39,67,84,68,76,73,63,71,73,75,33,84,73,84,82,26,24,29,11,16,15,9,14
http://sofifa.com/player/183892,Gabriel Mercado,68,52,77,67,31,53,64,54,64,70,74,75,61,72,51,66,76,79,82,59,81,78,61,60,49,73,76,77,76,12,16,10,12,6
http://sofifa.com/player/223061,Franco Cervi,70,72,48,74,55,84,70,50,63,79,91,88,92,78,90,68,60,72,41,65,60,33,74,73,56,81,39,57,38,12,8,9,11,10
http://sofifa.com/player/153179,Pablo Batalla,80,70,79,86,70,76,76,78,71,75,74,70,78,79,86,72,72,76,65,69,74,42,71,86,82,75,31,45,31,8,12,14,12,11
http://sofifa.com/player/188268,Lautaro Acosta,63,72,55,77,71,81,65,45,66,78,91,94,88,79,90,77,77,71,40,68,73,42,78,79,64,77,26,33,24,12,6,14,12,9
http://sofifa.com/player/142707,Lisandro Lopez,66,77,76,75,74,76,76,73,68,80,77,83,82,76,79,77,80,76,73,75,57,59,81,71,84,79,25,55,24,8,10,11,13,6
http://sofifa.com/player/142721,Marcelo Barovero,14,13,13,36,18,19,19,19,23,12,35,35,32,76,59,14,77,34,43,19,34,16,17,51,20,51,14,16,14,78,75,69,79,79
http://sofifa.com/player/201095,Agustin Marchesin,18,14,11,37,15,24,16,15,34,20,49,52,68,75,60,12,75,38,59,12,27,15,18,65,14,49,14,15,15,73,75,74,80,81
http://sofifa.com/player/165517,Fernando Gago,69,47,59,82,55,71,66,67,74,78,57,66,72,76,70,76,72,73,65,68,70,78,64,83,69,72,73,77,75,7,10,12,8,12
http://sofifa.com/player/210333,Alexander Szymanowski,78,77,67,74,66,78,69,57,63,74,91,86,84,72,87,68,56,74,60,68,55,28,75,76,70,71,33,42,45,11,8,10,12,6
http://sofifa.com/player/152999,Rodrigo Palacio,70,80,75,74,76,82,78,67,60,84,79,78,78,76,83,70,80,69,62,62,79,39,84,76,79,80,31,33,30,17,14,17,17,17
http://sofifa.com/player/165560,Marco Ruben,60,83,75,68,68,72,64,56,58,80,77,76,71,78,72,75,80,69,73,67,65,46,82,70,74,75,31,40,27,6,16,7,7,11
http://sofifa.com/player/214977,Matias Kranevitter,60,42,56,77,43,70,56,44,72,75,72,71,70,71,76,61,74,80,75,54,80,82,53,70,46,74,74,83,79,12,13,7,6,7
http://sofifa.com/player/198140,Rogelio Funes Mori,65,82,77,70,72,75,75,58,65,74,79,76,79,78,73,74,78,84,77,68,80,49,80,72,70,76,47,45,44,8,10,15,6,15
http://sofifa.com/player/200197,Nicolas Blandi,55,82,80,69,77,65,55,54,63,75,67,65,79,78,60,75,82,74,64,72,47,41,83,43,78,79,33,30,27,13,10,15,15,15
http://sofifa.com/player/210950,Pablo De Blasis,68,71,71,74,60,82,77,62,66,79,87,75,93,76,95,75,92,77,47,73,72,28,72,71,77,74,37,39,37,13,11,8,8,8
http://sofifa.com/player/215051,Lisandro Lopez,33,48,78,66,50,61,37,32,58,62,64,68,64,73,55,67,87,64,80,44,79,80,38,41,48,75,75,77,76,14,12,8,6,13
http://sofifa.com/player/204819,Emiliano Sala,57,78,79,74,76,73,68,41,64,78,56,67,63,78,55,79,76,92,84,72,74,61,79,58,68,80,42,58,49,7,11,7,9,7
http://sofifa.com/player/139038,Nicolas Burdisso,34,34,80,54,19,40,40,21,65,52,54,55,50,71,62,24,89,55,76,23,85,77,25,38,41,69,79,79,78,8,13,11,8,12
http://sofifa.com/player/173857,Mariano Andujar,14,11,10,23,11,16,13,16,23,20,45,45,40,71,40,25,70,38,70,10,39,20,13,40,23,60,11,18,19,77,76,64,79,78
http://sofifa.com/player/215079,Pablo Perez,69,61,58,78,39,72,65,72,76,79,70,70,73,81,77,69,60,78,79,65,92,71,69,80,59,73,66,76,73,10,7,16,15,14
http://sofifa.com/player/214584,Franco Armani,18,11,11,24,15,19,14,16,21,19,30,34,36,76,34,20,57,25,72,17,18,20,18,55,20,28,14,13,13,76,73,67,78,79
http://sofifa.com/player/183893,Claudio Yacob,34,55,75,78,23,64,52,55,73,72,49,38,59,77,68,63,71,72,69,64,88,78,42,68,66,79,75,77,72,6,6,12,9,8
http://sofifa.com/player/205408,Santiago Gentiletti,49,13,76,60,30,59,58,63,65,65,69,69,61,72,62,78,78,53,79,48,80,78,29,52,43,74,77,80,78,14,9,12,6,14
http://sofifa.com/player/142950,Roman Martinez,66,69,55,83,66,71,77,55,71,77,70,61,73,72,65,73,62,72,74,75,71,55,82,83,41,71,53,70,53,9,10,8,8,15
http://sofifa.com/player/142959,Mariano Barbosa,12,11,13,38,12,15,11,12,36,17,42,43,48,76,47,25,63,41,62,12,37,22,12,17,24,50,13,15,11,78,74,77,76,78
http://sofifa.com/player/221551,Emanuel Mammana,65,28,66,80,36,65,44,34,77,76,80,79,74,77,71,63,73,76,72,48,76,79,46,52,68,82,76,78,80,6,11,12,14,8
http://sofifa.com/player/216692,Sebastian Torrico,18,20,14,23,18,17,14,21,18,22,48,49,32,72,51,24,60,25,58,12,20,21,13,37,21,26,14,14,15,76,72,75,78,80
http://sofifa.com/player/161938,Mauro Boselli,57,83,84,70,65,69,60,53,61,75,62,60,60,74,54,74,78,67,81,66,70,23,80,65,75,72,22,35,33,7,14,6,7,14
http://sofifa.com/player/213432,Facundo Ferreyra,49,81,78,67,68,73,48,42,53,77,72,74,76,77,68,75,73,72,73,78,48,23,79,66,70,76,22,29,26,11,11,8,14,15
http://sofifa.com/player/221125,Sebastian Driussi,64,77,72,81,72,73,51,40,70,75,84,79,83,72,71,75,67,80,72,74,49,21,77,78,69,66,17,23,16,11,14,14,14,10
http://sofifa.com/player/173030,Oscar Trejo,74,74,64,78,72,82,74,72,72,80,67,74,81,71,76,73,61,84,69,68,70,62,70,79,70,74,59,65,55,14,14,7,16,11
http://sofifa.com/player/216816,Giovanni Simeone,39,79,76,68,70,76,69,60,55,76,76,79,76,74,63,79,82,74,70,69,60,23,79,60,71,75,23,24,22,12,15,9,14,11
http://sofifa.com/player/199667,Ramiro Funes Mori,73,40,79,67,25,63,49,58,55,68,65,69,65,70,61,69,77,69,79,56,83,77,49,47,52,64,75,77,76,9,9,13,10,7
http://sofifa.com/player/219391,Gonzalo Escalante,62,56,58,75,59,70,63,52,66,73,65,68,67,73,65,77,69,86,73,58,86,80,61,71,64,74,73,84,78,10,12,7,12,11
http://sofifa.com/player/146963,Javier Pinola,65,38,67,75,46,64,65,55,66,73,69,70,64,74,69,72,80,64,79,59,78,71,57,56,38,72,78,74,76,8,12,11,7,11
http://sofifa.com/player/186650,Matias Alustiza,60,85,75,66,75,78,67,64,64,75,76,64,84,70,78,74,75,66,57,72,60,27,82,66,80,74,25,33,33,10,9,8,8,11
http://sofifa.com/player/215069,Rodrigo Rey,18,18,12,29,15,20,17,17,13,23,55,43,43,63,53,25,67,31,59,13,33,22,14,53,23,49,12,18,13,76,70,69,78,83
http://sofifa.com/player/221219,German Conti,32,37,79,67,32,42,40,31,50,50,65,74,51,73,46,50,59,70,76,30,76,77,32,29,47,69,79,79,76,14,8,12,16,13
http://sofifa.com/player/186405,Franco Di Santo,62,74,72,74,80,75,70,49,56,78,66,77,66,75,59,77,61,69,77,72,76,38,74,68,76,73,22,30,23,7,10,10,10,9
http://sofifa.com/player/171828,Ignacio Scocco,65,79,53,72,79,78,81,78,71,81,78,77,75,72,79,79,69,68,67,78,71,33,79,72,74,73,24,30,28,14,12,14,6,12
http://sofifa.com/player/139064,Leonardo Ponzio,67,47,65,75,41,65,57,70,74,74,66,47,75,78,67,79,77,73,71,70,80,76,69,69,70,73,79,76,77,16,9,10,14,12
http://sofifa.com/player/138810,Alejandro Dominguez,70,72,56,78,73,77,83,75,74,80,68,61,71,71,76,80,39,35,67,81,60,28,76,73,78,68,34,24,47,9,11,9,16,12
http://sofifa.com/player/212541,Leonel Vangioni,76,51,60,69,61,71,71,62,69,73,87,82,77,70,68,78,73,80,68,73,85,75,68,64,69,68,72,74,74,9,9,9,11,7
http://sofifa.com/player/219455,Jonathan Calleri,56,73,80,66,71,74,57,35,58,75,73,75,73,77,79,77,82,75,70,69,65,37,78,67,62,73,29,39,32,11,12,8,8,6
http://sofifa.com/player/205632,Lucas Ocampos,76,72,73,75,68,76,77,65,69,79,77,80,77,77,58,77,69,67,78,69,53,55,74,73,68,72,40,44,44,11,8,15,12,7
http://sofifa.com/player/215107,Hector Villalba,61,74,60,67,70,79,69,55,61,78,92,92,91,74,89,85,54,79,50,78,68,38,74,70,64,69,25,39,30,13,8,8,10,12
http://sofifa.com/player/226378,Ramon Abila,51,80,75,60,72,68,52,48,52,76,69,68,65,73,76,83,63,68,84,57,76,19,81,51,75,70,24,23,22,16,14,15,14,15
http://sofifa.com/player/226379,Marcos Diaz,17,11,15,24,11,13,13,15,21,16,37,39,30,71,35,25,53,35,72,13,43,18,14,38,23,23,13,21,22,72,71,62,82,78
http://sofifa.com/player/152916,Rubens Sambueza,78,66,57,77,61,75,82,75,78,79,68,72,70,75,74,75,67,79,75,72,86,60,68,80,70,83,40,48,46,8,6,8,9,16
http://sofifa.com/player/190576,Matias Caruzzo,46,36,71,61,21,22,55,64,58,61,51,54,70,76,49,25,72,80,80,25,81,78,33,59,57,70,82,74,70,9,13,9,6,6
http://sofifa.com/player/142966,Jesus Datolo,76,68,56,77,66,77,82,76,76,78,71,71,82,73,72,74,54,68,62,76,46,54,71,77,73,72,58,51,48,10,8,11,14,13
http://sofifa.com/player/216706,Franco Mussis,62,46,52,75,49,65,63,65,69,72,80,75,77,75,78,76,73,87,82,78,84,80,61,72,51,75,72,73,67,11,14,14,8,14
http://sofifa.com/player/215181,Gino Peruzzi,68,38,57,69,40,68,65,50,66,70,81,85,73,75,70,67,80,83,68,60,73,83,55,53,46,72,72,74,75,10,13,9,5,8
http://sofifa.com/player/165531,Ismael Sosa,69,75,71,75,56,75,70,54,65,75,91,89,83,70,68,76,68,75,70,70,67,50,75,70,60,75,39,47,39,14,11,8,11,12
http://sofifa.com/player/183966,Facundo Roncaglia,68,38,70,69,25,59,67,52,81,69,63,70,65,72,69,80,80,66,73,73,74,79,51,59,35,70,75,80,78,15,14,15,6,15
http://sofifa.com/player/152993,Renato Civelli,53,52,84,61,55,31,37,47,56,63,53,41,30,66,41,64,68,63,90,55,82,71,46,48,58,73,77,78,68,13,6,16,14,10
http://sofifa.com/player/152997,Dario Cvitanich,64,79,79,69,68,71,67,66,62,78,70,66,71,71,77,74,82,66,73,68,66,31,82,73,77,72,25,32,34,15,12,15,12,11
http://sofifa.com/player/214955,Emmanuel Mas,63,55,75,70,60,72,64,50,67,74,78,79,70,76,66,72,81,92,76,65,74,76,76,70,57,70,71,73,78,7,7,15,14,16
http://sofifa.com/player/215998,Ignacio Fernandez,70,63,57,80,60,77,73,69,76,76,69,73,74,72,65,73,38,85,73,79,69,60,68,77,61,67,49,54,51,7,8,14,10,12
http://sofifa.com/player/216796,Federico Cartabia,75,69,53,77,59,81,77,72,63,78,81,75,79,74,83,80,63,73,38,75,80,34,70,70,66,67,26,35,27,8,6,6,16,14
http://sofifa.com/player/219626,Jose Luis Gomez,64,52,55,72,35,72,57,35,64,71,93,92,85,74,85,64,81,85,49,56,68,85,60,54,45,69,66,69,71,13,11,13,7,7
http://sofifa.com/player/214763,Paolo Goltz,55,48,78,65,53,58,73,68,66,62,58,66,54,72,52,70,70,66,83,62,88,72,45,59,66,73,75,74,72,13,14,7,15,7
http://sofifa.com/player/214766,Carlos Izquierdoz,43,45,79,63,50,36,32,26,55,59,50,48,38,76,53,60,85,75,79,54,74,78,23,33,30,45,73,77,76,8,11,7,8,8
http://sofifa.com/player/179696,Emiliano Insua,78,49,72,76,64,73,59,68,73,74,66,65,69,75,69,85,72,78,79,76,79,78,70,67,66,76,76,77,77,11,10,9,8,16
http://sofifa.com/player/172018,Jonatan Maidana,59,32,76,63,42,39,45,46,78,61,51,68,58,76,49,45,76,64,85,32,80,72,50,55,46,73,80,76,70,12,9,14,14,14
http://sofifa.com/player/167669,Federico Higuain,70,71,62,77,71,74,77,78,75,77,73,61,71,78,76,75,64,68,59,79,65,43,74,77,64,77,43,47,40,7,16,11,12,15
http://sofifa.com/player/224254,Cristian Pavon,64,72,45,76,57,78,72,77,66,74,90,86,91,68,82,84,58,80,52,83,56,19,73,67,59,70,25,28,26,11,10,9,13,7
http://sofifa.com/player/191488,Lucas Orban,70,48,64,67,47,57,74,44,64,67,60,70,64,69,54,67,75,71,74,49,79,74,59,58,61,71,74,79,81,16,9,12,13,15
http://sofifa.com/player/215042,Gaston Lezcano,73,72,68,66,62,78,64,65,64,75,85,84,84,74,87,79,81,78,69,75,61,23,76,62,65,75,20,18,18,7,11,14,8,9
http://sofifa.com/player/204555,Ricardo Alvarez,78,68,64,76,73,79,78,76,76,79,63,66,73,75,56,75,74,69,75,75,63,53,72,72,63,73,45,58,54,5,11,11,14,10
http://sofifa.com/player/215330,Joaquin Correa,74,69,43,76,67,80,69,63,69,79,75,79,76,70,60,74,36,64,70,71,48,31,67,73,57,60,29,37,26,11,10,7,8,8
http://sofifa.com/player/138798,German Lux,12,13,13,12,12,11,13,12,29,35,29,32,56,75,55,12,68,43,72,11,45,17,11,49,12,43,15,13,14,74,70,78,74,78
http://sofifa.com/player/232244,Santiago Ascacibar,51,39,59,76,38,65,47,41,68,65,76,71,77,74,87,53,81,92,61,63,75,83,31,62,48,67,68,80,76,6,10,5,14,9
http://sofifa.com/player/171830,Nicolas Spolli,25,36,78,45,35,45,19,18,45,49,32,49,32,60,32,72,68,45,92,22,73,79,20,25,33,73,79,78,74,8,7,10,10,14
http://sofifa.com/player/14907,Albano Bizzarri,11,17,10,27,19,18,19,18,26,23,55,45,53,68,51,19,68,31,55,19,40,19,10,49,20,60,12,12,11,74,76,67,79,72
http://sofifa.com/player/226377,Gonzalo Martinez,73,64,32,67,54,84,73,67,64,80,85,83,90,72,83,73,54,62,64,82,34,23,67,65,56,69,27,28,30,6,9,13,12,15
http://sofifa.com/player/210787,Mauro Dos Santos,52,37,69,68,32,39,53,43,56,66,60,64,64,68,61,52,79,69,79,33,81,73,42,41,46,68,73,76,74,8,14,6,13,12
http://sofifa.com/player/190577,Sebastian Blanco,69,65,66,75,76,75,59,60,69,77,77,79,88,76,80,77,66,84,56,74,79,33,70,75,61,65,18,22,32,9,7,9,13,12
http://sofifa.com/player/165490,Mariano Izco,70,54,60,78,60,75,68,50,74,75,69,74,69,74,68,79,55,75,72,70,72,73,61,75,60,77,68,72,68,5,14,15,10,8
http://sofifa.com/player/162951,Marcos Angeleri,60,37,65,58,42,49,56,47,65,58,67,64,63,78,55,71,82,75,79,41,84,71,40,46,56,79,74,79,76,13,10,7,6,12
http://sofifa.com/player/215985,Fernando Monetti,19,19,23,48,19,19,23,13,42,36,56,57,48,66,59,24,62,32,64,15,29,18,15,55,24,21,18,14,24,78,75,77,71,76
http://sofifa.com/player/182731,Brian Sarmiento,74,68,46,76,64,78,73,74,68,72,93,84,92,66,91,71,54,58,50,68,41,42,67,75,68,68,20,22,19,7,15,14,12,6
http://sofifa.com/player/208607,Martin Mantovani,47,37,79,72,55,55,63,45,65,67,41,38,53,72,61,59,66,78,82,34,90,73,46,33,42,67,74,74,67,9,9,11,14,12
http://sofifa.com/player/215270,Lucas Zelarayan,71,64,50,73,69,79,74,73,72,75,78,76,90,69,86,73,79,72,58,65,50,44,69,78,67,61,44,43,35,1,1,1,1,1
http://sofifa.com/player/214770,Diego Gonzalez,68,64,64,77,50,71,58,41,75,73,69,71,65,77,63,75,67,91,76,73,84,75,69,70,57,76,72,71,69,16,13,7,12,14
http://sofifa.com/player/167666,Juan Pablo Carrizo,12,10,12,33,11,13,11,13,32,24,59,48,56,71,60,23,68,31,65,11,25,20,15,59,22,67,14,12,11,77,72,72,72,76
http://sofifa.com/player/199669,Leandro Gonzalez Pirez,42,42,69,72,42,67,55,39,78,72,74,78,65,75,54,59,70,83,77,49,79,76,60,64,49,75,73,74,72,14,8,8,12,13
http://sofifa.com/player/216055,Federico Carrizo,66,62,52,75,62,76,69,70,76,76,89,89,81,68,80,73,72,72,59,65,55,58,68,70,69,71,24,31,27,8,6,7,9,7
http://sofifa.com/player/158969,Leonardo Pisculichi,80,64,62,78,67,76,80,79,75,77,71,69,76,70,76,79,72,59,54,77,61,50,65,77,78,76,20,29,23,12,10,8,6,14
http://sofifa.com/player/198145,Sergio Araujo,59,74,60,70,71,75,81,59,59,83,74,74,74,80,71,69,49,71,62,72,32,20,79,68,69,66,26,22,27,13,12,13,7,15
http://sofifa.com/player/215050,Diego Braghieri,28,35,75,63,37,50,39,32,55,65,71,61,49,67,57,75,67,65,81,62,84,69,38,47,48,69,77,73,73,7,9,14,6,7
http://sofifa.com/player/215321,Jonathan Schunke,35,26,79,71,35,32,29,32,71,62,30,35,28,76,29,33,34,62,91,23,71,68,27,29,62,71,79,77,64,7,11,6,13,12
http://sofifa.com/player/215322,Jonathan Silva,73,48,55,71,62,72,70,70,63,73,83,79,74,71,74,79,69,82,65,69,82,71,68,60,55,66,70,73,74,15,6,9,13,10
http://sofifa.com/player/215071,Milton Casco,68,58,62,70,21,70,68,58,65,71,83,84,82,66,81,75,82,91,67,68,76,71,70,53,46,68,70,71,73,15,8,13,12,6
http://sofifa.com/player/215331,Leonardo Jara,76,41,60,64,52,75,59,40,73,73,73,78,68,69,63,65,70,87,79,74,67,75,68,68,38,67,67,69,73,8,14,13,9,6
http://sofifa.com/player/215334,Guido Carrillo,34,76,76,62,75,70,46,36,57,74,62,63,66,70,63,74,69,72,82,71,72,34,77,59,77,70,32,29,26,10,11,6,9,12
http://sofifa.com/player/172077,Jose Maria Basanta,51,41,77,62,45,55,55,40,61,60,64,61,36,76,42,67,74,57,75,52,76,76,49,39,47,71,74,73,71,9,10,10,8,14
http://sofifa.com/player/184626,Nicolas Sanchez,58,40,75,67,22,55,57,46,61,56,43,57,55,69,49,20,88,69,81,20,74,72,40,45,62,69,74,73,71,9,8,16,14,6
http://sofifa.com/player/138806,Maximiliano Lopez,54,79,78,70,74,72,70,56,48,76,48,38,53,70,53,76,63,41,84,60,63,20,81,65,73,75,15,21,15,14,14,10,9,9
http://sofifa.com/player/205630,Luciano Abecasis,78,33,57,68,48,77,71,41,55,66,88,82,75,77,66,47,62,77,60,42,75,68,65,72,48,69,71,68,72,9,11,12,6,15
http://sofifa.com/player/207679,Facundo Pereyra,68,73,65,69,64,76,72,71,68,77,78,79,77,73,79,74,69,73,46,68,58,26,71,72,62,69,27,26,39,11,8,15,13,12
http://sofifa.com/player/214594,Matias Laba,52,49,59,75,47,64,69,63,69,73,71,75,68,74,85,74,75,86,64,65,80,70,57,60,57,65,74,74,71,13,14,9,15,14
http://sofifa.com/player/211267,Ricardo Centurion,66,65,63,67,60,82,68,71,63,77,88,86,87,75,85,65,55,87,46,64,59,40,61,69,67,71,28,45,47,7,6,7,11,8
http://sofifa.com/player/172100,Gabriel Penalba,67,64,66,74,61,76,70,64,75,75,40,51,53,70,53,73,31,75,89,71,76,72,66,74,74,74,66,72,60,7,14,6,7,12
http://sofifa.com/player/213581,Martin Nervo,57,41,77,64,41,48,55,44,64,66,65,67,48,78,61,55,73,82,78,43,76,69,51,38,52,69,73,74,67,10,9,10,11,7
http://sofifa.com/player/172113,Matias Fritzler,41,39,65,73,45,58,59,44,66,67,53,52,65,68,63,66,84,75,64,54,80,82,60,67,51,68,66,82,72,7,8,14,11,11
http://sofifa.com/player/223066,Andres Chavez,66,71,63,68,76,72,68,66,62,70,76,79,73,73,68,81,80,80,83,71,80,48,73,68,68,78,31,30,28,14,14,6,12,10
http://sofifa.com/player/217196,Jose Luis Palomino,71,26,77,70,32,63,55,36,60,66,64,37,46,74,44,48,33,72,85,29,63,74,28,33,44,63,75,76,78,9,16,9,8,11
http://sofifa.com/player/217201,Enrique Triverio,43,74,76,55,68,69,56,73,40,73,70,74,75,75,58,76,80,76,77,73,44,36,78,59,71,70,24,22,27,8,11,16,9,10
http://sofifa.com/player/162932,Pablo Barrientos,75,60,63,77,71,78,83,77,73,77,64,63,77,71,76,74,55,54,57,74,65,37,63,80,75,79,27,31,31,6,14,14,9,9
http://sofifa.com/player/192373,Milton Caraglio,64,74,80,65,73,70,55,47,55,72,65,51,63,70,54,78,80,63,83,71,73,25,74,58,77,75,22,19,18,14,10,6,8,12
http://sofifa.com/player/188791,Alberto Costa,68,59,72,77,65,70,74,78,76,77,64,62,73,74,78,80,58,54,68,78,69,71,68,76,74,73,63,71,66,12,16,7,14,7
http://sofifa.com/player/186745,Matias Perez Garcia,72,52,45,73,55,75,79,77,73,79,84,77,82,72,90,71,34,72,55,65,82,43,67,78,69,76,36,48,42,16,9,15,9,14
http://sofifa.com/player/216700,Maximiliano Meza,73,69,66,71,62,77,81,75,64,75,77,81,81,69,70,75,62,75,66,73,73,27,62,72,50,70,29,37,32,9,9,16,12,11
http://sofifa.com/player/219525,Ezequiel Cerutti,70,60,58,70,65,77,63,51,65,71,92,88,88,70,74,68,65,74,55,71,73,34,72,70,69,73,18,17,18,10,12,10,14,8
http://sofifa.com/player/212616,Rodrigo Javier De Paul,76,67,43,78,47,81,80,60,71,79,70,69,76,66,69,78,58,63,66,77,56,28,64,70,56,66,38,46,43,13,12,10,7,14
http://sofifa.com/player/215199,Ruben Botta,73,64,38,73,64,80,75,74,70,77,80,80,75,68,75,60,54,70,63,62,55,33,66,78,64,77,31,27,26,8,9,13,8,7
http://sofifa.com/player/183969,Juan Forlin,59,36,69,65,40,53,51,38,62,65,62,66,63,69,68,60,90,73,71,27,72,78,41,56,51,66,77,73,74,10,6,7,13,8
http://sofifa.com/player/200875,Emmanuel Gigliotti,51,76,78,67,73,61,59,49,46,75,52,61,67,74,60,75,75,71,78,63,73,33,80,68,69,71,17,35,24,11,9,14,13,6
http://sofifa.com/player/226226,Giovani Lo Celso,73,55,36,78,69,77,67,72,73,79,75,75,77,64,78,75,57,74,57,64,65,34,66,80,55,68,28,55,48,10,7,10,15,14
http://sofifa.com/player/220609,Valentin Vada,74,69,55,77,64,74,73,74,73,77,66,64,78,74,77,67,58,76,70,60,62,69,72,75,58,70,65,62,57,8,13,15,16,6
http://sofifa.com/player/198347,Franco Jara,67,75,70,72,72,75,70,50,65,76,77,78,77,68,66,76,68,72,68,73,60,28,73,65,72,70,30,29,29,13,16,10,9,10
http://sofifa.com/player/200653,Guillermo Burdisso,41,39,79,62,36,42,50,11,50,60,42,48,48,69,42,67,46,71,87,21,80,71,31,51,48,66,74,76,73,10,14,14,8,8
http://sofifa.com/player/214989,Martin Benitez,67,73,57,73,65,80,61,42,60,74,87,78,82,75,69,68,52,84,61,68,40,55,75,63,68,71,14,33,23,7,9,15,9,12
http://sofifa.com/player/142800,Maximiliano Velazquez,84,61,61,75,62,66,78,77,73,82,65,62,62,82,65,78,71,68,70,73,82,76,66,77,77,77,77,77,63,12,12,16,8,11
http://sofifa.com/player/222429,Andres Cubas,58,35,55,78,33,65,43,40,73,70,73,68,88,70,88,59,75,83,32,57,75,78,51,60,51,68,71,79,73,9,12,11,13,7
http://sofifa.com/player/189153,Mauro Diaz,65,67,54,69,62,69,75,74,72,78,77,67,87,75,86,70,58,62,54,66,60,32,75,73,69,74,45,45,32,12,9,6,8,16
http://sofifa.com/player/143598,Luciano Pocrnjic,14,12,16,16,11,10,12,13,19,13,28,29,41,78,35,10,32,28,52,10,28,15,11,60,24,34,14,10,10,74,72,64,74,73
http://sofifa.com/player/167665,Nicolas Domingo,55,50,55,74,57,67,58,46,75,73,62,68,78,72,75,62,68,78,62,68,69,76,55,65,65,69,69,75,68,7,16,14,10,15
http://sofifa.com/player/223240,Gonzalo Bettini,75,39,66,69,30,59,41,31,53,71,76,72,71,64,66,48,55,84,60,39,69,63,57,75,33,66,72,76,72,13,16,11,7,12
http://sofifa.com/player/215049,Damian Perez,59,45,60,61,44,72,49,47,58,68,79,82,85,72,86,69,93,91,41,74,75,71,69,42,55,54,70,72,73,14,16,11,10,14
http://sofifa.com/player/167435,Oscar Ustari,15,14,14,23,13,13,14,15,22,29,56,62,60,68,64,17,79,37,80,14,38,28,15,59,18,51,12,12,13,75,70,79,69,75
http://sofifa.com/player/223247,Nelson Acevedo,49,45,70,73,43,66,51,53,70,71,69,70,66,74,64,62,80,91,76,63,72,68,60,62,45,74,72,72,70,6,9,16,6,15
http://sofifa.com/player/223248,Juan Martin Lucero,58,71,73,68,65,71,58,41,60,71,84,79,84,72,70,71,71,57,68,63,59,25,72,52,71,72,19,24,18,15,8,10,14,6
http://sofifa.com/player/204050,Santiago Vergini,63,33,67,69,27,63,39,50,65,70,33,50,54,63,49,45,45,69,89,38,64,75,51,59,49,65,73,80,70,6,7,6,13,8
http://sofifa.com/player/215064,Julio Furch,51,77,78,63,63,65,62,48,57,70,53,61,55,68,48,75,67,76,85,68,65,46,78,62,64,76,24,25,27,11,9,13,8,13
http://sofifa.com/player/219167,Sergio Vittor,59,52,71,73,55,70,48,51,70,70,58,59,52,69,41,75,49,73,85,69,72,67,61,51,62,61,74,72,70,9,13,14,9,16
http://sofifa.com/player/157217,Neri Cardozo,75,67,55,75,55,74,71,70,74,71,81,80,79,68,74,68,70,80,73,70,76,59,72,70,61,70,67,70,64,9,15,15,10,13
http://sofifa.com/player/157219,Gaston Fernandez,57,68,68,72,69,73,73,75,68,73,74,72,82,61,74,78,74,58,51,71,56,31,70,75,63,72,30,35,29,6,14,16,10,9
http://sofifa.com/player/215083,Maximiliano Urruti,36,75,63,68,74,71,65,52,49,72,79,77,76,72,78,80,68,82,63,74,80,49,73,61,66,70,49,59,49,12,10,16,8,7
http://sofifa.com/player/189228,Maximiliano Caire,67,28,79,61,42,73,61,41,59,63,84,82,75,61,77,51,86,88,67,44,66,73,58,63,35,65,65,72,77,15,7,13,6,7
http://sofifa.com/player/215089,Enzo Kalinski,59,45,71,78,49,70,68,58,75,76,75,64,71,64,66,57,88,82,80,55,72,68,69,72,41,66,67,71,68,7,6,14,15,8
http://sofifa.com/player/211265,Ariel Rojas,74,68,67,76,71,71,70,65,75,76,64,69,67,71,71,74,70,73,70,73,68,65,72,69,66,69,63,64,57,6,10,14,9,8
http://sofifa.com/player/221250,Geronimo Poblete,56,47,50,76,41,68,55,40,70,70,68,69,76,72,81,60,70,81,65,55,71,74,52,68,54,63,65,72,66,6,12,13,6,8
http://sofifa.com/player/211269,Guillermo Fernandez,68,62,44,73,48,77,73,75,72,76,76,76,73,75,67,74,63,74,69,76,49,52,65,75,67,63,58,73,66,9,14,6,11,6
http://sofifa.com/player/186695,Ezequiel Munoz,30,19,73,58,18,38,29,30,55,53,52,54,50,65,44,57,82,68,79,31,78,69,21,29,21,62,75,76,75,11,11,7,11,12
http://sofifa.com/player/152914,Daniel Montenegro,73,68,55,75,66,68,76,76,75,84,36,53,65,62,71,77,63,48,57,78,55,33,77,78,75,71,25,29,37,12,6,11,12,16
http://sofifa.com/player/200278,Santiago Garcia,71,49,80,68,40,70,64,46,65,67,53,71,54,70,53,64,72,78,78,49,90,76,62,55,67,70,67,73,75,16,12,16,6,9
http://sofifa.com/player/153175,Juan Martinez,68,70,61,70,66,78,62,42,67,75,79,76,82,73,78,75,72,69,64,68,40,33,73,66,69,75,31,40,32,8,16,9,14,8
http://sofifa.com/player/142942,Javier Gandolfi,44,34,71,61,50,45,58,64,65,56,67,50,63,62,56,67,82,59,82,40,86,71,26,62,58,70,73,74,72,12,15,12,16,13
http://sofifa.com/player/203872,Gabriel Hauche,73,70,58,70,61,77,67,73,64,77,90,89,85,74,76,73,77,73,61,67,82,21,71,69,77,73,32,46,33,11,11,11,11,11
http://sofifa.com/player/226419,Fabian Sambueza,79,72,37,76,49,71,67,66,70,69,79,81,90,62,90,63,48,71,35,53,55,28,66,79,65,71,35,34,44,13,16,16,13,12
http://sofifa.com/player/215162,Alejandro Donatti,38,48,79,60,36,50,62,74,59,62,52,55,52,71,40,80,79,69,77,65,75,72,36,35,48,56,75,72,69,13,10,6,15,12
http://sofifa.com/player/225659,Guido Rodriguez,59,41,65,74,47,59,49,42,72,70,59,61,53,62,55,59,47,73,78,55,83,72,50,62,53,50,69,75,71,12,11,14,16,6
http://sofifa.com/player/191104,Juan Mercier,62,54,59,73,65,69,70,66,75,71,67,54,64,77,64,70,81,34,78,66,79,74,65,74,59,67,74,75,69,14,11,12,10,15
http://sofifa.com/player/177537,Nicolas Bertolo,74,67,60,73,60,78,75,56,67,72,63,75,77,70,74,71,54,62,67,66,63,59,73,72,57,68,25,28,28,6,16,6,9,13
http://sofifa.com/player/215177,Francisco Cerro,66,46,59,77,56,68,59,57,74,72,72,74,65,73,63,73,73,88,78,61,78,73,62,66,53,66,72,73,72,6,15,11,11,14
http://sofifa.com/player/188042,Matias Suarez,70,70,61,73,72,72,72,70,68,73,69,68,73,74,69,70,67,47,63,71,33,18,75,73,67,74,13,28,23,9,16,11,13,8
http://sofifa.com/player/213132,Mauricio Sperduti,78,66,62,68,72,74,66,35,62,72,77,75,79,73,66,76,44,72,71,67,33,33,71,66,48,69,33,22,25,14,11,8,8,10
http://sofifa.com/player/191628,Leandro Chichizola,11,16,17,14,14,17,15,14,13,15,49,54,66,66,44,17,75,31,52,17,15,16,14,31,25,43,12,12,11,73,73,62,72,75
http://sofifa.com/player/236441,Fabricio Bustos,74,51,56,70,37,74,57,37,45,70,85,82,73,66,72,66,55,87,50,46,62,64,68,65,42,64,69,69,70,14,6,13,15,6
http://sofifa.com/player/165788,Leonardo Ulloa,51,73,83,69,71,69,55,56,63,72,43,52,55,74,57,76,74,67,87,63,71,33,76,61,73,72,27,48,45,13,8,8,16,11
http://sofifa.com/player/215202,Lucas Janson,55,77,58,69,61,78,52,48,58,77,73,74,83,71,82,60,80,69,43,69,63,27,79,74,54,67,27,24,26,12,12,8,9,15
http://sofifa.com/player/190629,Daniel Villalva,62,68,63,70,73,78,71,63,55,75,91,87,92,68,91,72,86,68,31,72,43,49,69,69,63,77,19,23,22,7,7,8,7,16
http://sofifa.com/player/142762,Jonathan Bottinelli,50,35,75,68,40,49,43,38,51,60,42,49,36,71,68,52,79,62,76,27,81,69,17,41,41,70,74,73,65,7,11,6,6,14
http://sofifa.com/player/215212,Guillermo Sara,14,15,23,29,19,20,24,21,23,17,41,44,30,75,53,23,72,29,70,17,23,24,15,45,30,26,13,12,16,73,70,74,69,76
http://sofifa.com/player/208054,Leandro Fernandez,66,75,68,67,68,78,55,45,55,72,85,77,76,58,71,77,66,74,61,72,48,47,75,72,71,71,14,17,16,11,6,14,12,6
http://sofifa.com/player/215223,Walter Benitez,12,14,13,26,13,15,19,17,27,14,45,48,36,67,40,25,57,42,80,14,19,21,18,46,25,28,19,20,17,73,72,66,73,74
http://sofifa.com/player/213433,Fernando Tobio,59,27,72,64,36,40,39,33,57,55,64,68,43,69,48,40,79,72,82,21,75,72,40,27,36,36,74,72,70,7,8,12,14,11
http://sofifa.com/player/142781,Leandro Romagnoli,66,61,47,78,66,72,75,83,76,80,58,54,69,69,77,74,62,40,65,74,59,49,68,76,82,83,30,30,27,15,15,13,16,10
http://sofifa.com/player/214973,Lucas Villafanez,75,67,49,73,66,77,73,70,72,76,79,77,80,69,84,70,59,66,43,62,44,38,68,70,65,66,35,31,29,9,7,11,10,9
http://sofifa.com/player/216019,Damian Musto,54,34,68,76,32,64,35,55,78,64,52,54,56,73,51,70,65,80,77,69,78,69,59,59,36,39,68,75,68,11,14,9,14,9
http://sofifa.com/player/199387,Pablo Chavarria,68,73,68,74,61,72,57,58,62,73,74,76,76,72,71,72,80,78,73,65,68,28,73,70,63,64,23,37,48,9,15,11,13,7
http://sofifa.com/player/232670,Fernando Zampedri,50,74,72,63,63,70,45,33,46,69,71,73,61,68,62,75,78,66,81,72,66,15,73,56,67,69,17,19,22,5,8,9,10,15
http://sofifa.com/player/142822,Jonas Gutierrez,74,63,63,75,58,75,67,68,71,77,64,67,60,71,56,77,65,74,75,71,60,68,67,71,71,84,71,71,66,6,9,16,10,10
http://sofifa.com/player/193510,Diego Novaretti,34,26,73,62,15,32,46,39,62,50,43,44,33,70,34,31,34,62,90,26,82,74,13,42,30,50,72,76,70,6,11,7,12,11
http://sofifa.com/player/236007,Ezequiel Barco,61,67,33,75,43,82,51,61,54,74,90,81,85,65,85,71,43,70,36,61,46,33,66,70,72,70,41,26,37,7,7,5,10,7
http://sofifa.com/player/198386,Sebastian Dubarbier,75,57,58,67,57,75,72,65,63,71,79,79,70,71,71,69,81,76,74,64,90,73,66,64,59,66,59,75,70,9,11,9,16,8
http://sofifa.com/player/172019,Pablo Mouche,74,71,69,71,69,75,71,70,65,72,82,78,75,72,76,75,70,72,72,66,27,33,72,63,47,70,12,12,14,12,15,16,11,12
http://sofifa.com/player/212214,Augusto Solari,71,56,48,70,37,71,68,74,66,70,85,86,84,74,76,65,81,76,72,63,64,62,61,76,58,62,43,43,62,7,15,13,11,7
http://sofifa.com/player/216054,Nery Dominguez,58,61,68,77,43,66,44,56,72,75,53,62,58,66,55,77,69,76,76,69,66,71,56,75,55,63,67,73,67,15,13,12,11,16
http://sofifa.com/player/214781,Silvio Romero,63,73,70,69,71,70,70,45,62,72,77,75,79,69,70,76,61,70,79,66,40,26,72,68,76,50,28,47,36,8,12,11,16,9
http://sofifa.com/player/188938,Cristian Alvarez,14,11,12,20,15,13,12,14,21,22,45,50,63,63,53,22,60,38,68,15,25,24,17,19,14,33,13,14,15,72,70,69,72,74
http://sofifa.com/player/143119,Mariano Pavone,50,76,76,64,70,57,52,64,50,70,58,53,54,66,75,76,81,71,85,80,77,22,75,56,74,77,22,27,21,8,12,12,15,14
http://sofifa.com/player/215060,Nicolas Aguirre,68,67,62,73,57,74,75,75,68,74,73,69,71,69,63,82,45,77,77,74,77,60,71,69,71,66,58,63,71,7,12,8,9,14
http://sofifa.com/player/205849,Esteban Andrada,15,14,13,31,18,16,14,15,17,20,45,44,34,70,43,17,54,45,59,13,22,25,19,47,19,33,19,20,14,73,68,64,68,75
http://sofifa.com/player/215070,Guillermo Ortiz,31,29,68,65,33,39,32,28,68,53,66,74,66,73,62,46,82,75,74,31,80,70,32,35,48,53,70,74,69,13,7,11,7,11
http://sofifa.com/player/188196,Ricardo Noir,71,71,65,69,66,70,69,47,65,68,89,89,78,69,78,72,68,84,68,68,63,57,69,72,59,68,43,37,40,8,10,10,6,12
http://sofifa.com/player/204337,Gervasio Nunez,67,68,37,70,59,75,69,68,68,70,76,79,78,70,59,73,72,74,79,66,42,48,68,68,71,69,29,38,34,10,6,16,8,9
http://sofifa.com/player/139058,Omar Perez,72,59,59,76,75,72,80,82,75,77,40,41,57,73,67,76,31,30,76,74,58,56,70,83,63,81,46,49,48,10,16,15,7,13
http://sofifa.com/player/231478,Lautaro Martinez,46,74,70,60,64,69,68,33,50,71,80,81,73,64,64,74,79,74,80,64,56,25,71,56,59,69,26,22,25,11,8,8,8,13
http://sofifa.com/player/226616,Jonathan Galvan,57,58,80,61,50,56,52,37,58,55,65,69,60,66,64,56,82,82,76,54,72,83,57,50,49,53,65,72,62,7,8,7,13,11
http://sofifa.com/player/49212,Julian Speroni,13,13,11,24,12,12,15,12,23,14,42,43,48,69,55,20,74,33,43,12,21,17,8,34,22,35,12,12,15,74,70,67,68,73
http://sofifa.com/player/211263,Lisandro Magallan,44,36,75,62,29,59,34,36,54,60,57,64,60,70,54,50,85,72,78,35,67,70,34,36,44,63,71,71,66,7,9,7,14,16
http://sofifa.com/player/234816,Nicolas Gorosito,58,45,74,67,41,49,45,58,62,61,67,69,59,59,50,66,75,63,77,48,80,70,55,54,53,69,71,70,72,5,12,11,10,12
http://sofifa.com/player/226376,Alejandro Romero Gamarra,64,64,33,71,48,78,55,45,62,73,85,82,87,62,82,68,56,71,42,67,30,28,67,71,61,64,27,31,29,12,14,7,7,11
http://sofifa.com/player/153164,Alejandro Faurlin,62,54,71,77,60,59,63,67,77,70,38,45,58,80,54,66,73,56,80,65,80,67,54,75,49,80,59,69,70,6,12,10,11,15
http://sofifa.com/player/226385,Cristian Espinoza,74,65,46,67,58,78,52,61,58,73,77,77,83,66,76,65,61,64,50,67,34,30,65,74,54,62,22,28,24,16,8,12,7,8
http://sofifa.com/player/202069,Jose Luis Fernandez,69,62,60,70,52,71,69,68,69,70,82,81,80,69,82,74,79,80,45,74,68,70,66,71,55,69,44,47,51,10,13,9,15,9
http://sofifa.com/player/142677,Leandro Desabato,50,37,75,76,61,34,24,59,55,43,34,35,30,70,33,53,33,34,82,26,82,73,25,43,50,75,75,71,69,14,16,6,6,11
http://sofifa.com/player/183895,Maxi Moralez,74,66,56,76,70,77,76,78,72,77,86,71,85,74,80,69,34,66,34,70,65,45,72,74,74,76,54,57,49,6,5,14,14,9
http://sofifa.com/player/222041,Lucas Boye,57,66,69,74,65,80,65,36,52,81,77,73,72,68,69,71,69,69,79,63,70,30,68,71,66,70,22,36,30,14,7,11,15,7
http://sofifa.com/player/184422,Luis Ardente,13,12,11,16,10,11,15,16,23,13,25,21,20,62,16,20,26,14,69,12,18,10,10,50,55,26,14,13,12,70,72,82,70,75
http://sofifa.com/player/48745,Fabricio Coloccini,53,44,78,67,58,58,58,56,68,60,62,53,55,69,62,60,78,53,73,70,78,70,37,46,58,75,72,71,70,11,16,14,16,6
http://sofifa.com/player/192371,Fabian Rinaudo,62,51,64,70,60,74,54,53,71,69,74,67,71,72,72,77,74,73,69,72,81,74,60,64,52,76,65,72,79,15,12,15,15,9
http://sofifa.com/player/229749,Alexander Barboza,33,27,79,73,17,51,24,26,45,59,52,52,45,58,44,38,53,59,75,31,69,65,27,33,45,38,73,79,71,11,11,10,7,12
http://sofifa.com/player/178566,Javier Garcia,11,11,12,13,14,11,13,13,12,15,35,35,38,62,43,12,63,31,41,14,17,24,10,53,19,22,14,14,11,77,65,75,67,77
http://sofifa.com/player/214933,Diego Rodriguez,13,20,14,32,14,14,16,12,23,20,42,51,45,68,58,60,67,32,60,15,18,22,13,43,73,33,13,13,14,73,68,78,66,75
http://sofifa.com/player/165787,Jorge Ortiz,65,53,62,73,67,67,65,63,74,73,71,70,66,66,70,76,75,74,61,67,75,70,66,71,64,67,66,70,50,9,16,6,9,9
http://sofifa.com/player/139169,Walter Erviti,75,68,44,75,68,66,75,66,72,75,56,50,78,71,68,71,58,63,42,67,62,65,67,82,56,72,60,55,33,7,8,13,11,9
http://sofifa.com/player/142756,Patricio Toranzo,77,65,49,75,62,71,76,75,73,76,59,52,66,66,66,68,66,61,69,73,64,64,64,75,63,67,59,55,58,7,10,15,9,7
http://sofifa.com/player/222124,Hernan Fredes,70,56,59,75,42,71,68,72,70,75,70,70,74,67,79,64,69,66,50,79,47,54,68,82,42,61,40,45,36,10,14,12,13,7
http://sofifa.com/player/222644,Yamil Asad,64,65,52,73,63,72,72,59,66,72,74,73,85,74,68,71,84,85,54,69,81,59,70,73,65,65,59,65,59,6,12,15,8,7
http://sofifa.com/player/206005,Denis Stracqualursi,48,74,79,63,68,59,38,35,41,71,56,62,56,61,44,80,77,63,87,68,48,32,75,44,63,76,38,37,31,7,7,12,15,11
http://sofifa.com/player/214965,Claudio Riano,57,69,77,67,73,70,55,34,63,71,77,78,75,68,74,73,58,70,74,67,44,16,68,66,70,58,19,16,15,11,13,10,13,11
http://sofifa.com/player/186553,Matias Rodriguez,71,59,68,66,49,70,51,53,65,73,77,84,77,67,67,71,59,78,68,62,75,64,72,53,68,61,69,68,72,14,8,14,8,7
http://sofifa.com/player/221634,Luciano Acosta,61,64,48,66,67,78,68,62,67,73,88,80,85,66,89,71,61,69,48,66,74,36,66,68,54,69,30,32,31,13,9,6,12,10
http://sofifa.com/player/142794,Facundo Erpen,53,48,74,62,47,46,39,49,57,63,67,64,62,65,52,70,76,67,79,60,80,68,23,51,47,67,70,70,69,16,12,12,15,12
http://sofifa.com/player/217805,Alexis Martin Arias,20,19,14,29,12,18,17,14,22,22,61,42,34,69,57,18,56,35,65,15,25,27,19,28,23,25,15,18,16,76,62,76,71,75
http://sofifa.com/player/215254,Luciano Lollo,34,25,76,57,28,37,27,29,32,55,37,37,46,69,52,42,86,53,81,25,71,67,33,30,67,69,75,74,71,11,11,8,9,10
http://sofifa.com/player/231128,Hernan Toledo,59,68,56,66,66,78,72,62,65,77,81,80,75,71,72,68,72,73,68,73,55,60,61,71,58,62,44,46,47,15,14,7,7,10
http://sofifa.com/player/201953,Juan Sanchez Mino,77,66,61,74,64,72,75,73,69,72,76,70,75,70,66,75,67,75,66,77,69,71,68,75,66,68,66,71,69,12,13,11,14,9
http://sofifa.com/player/219617,Joaquin Arzura,66,39,56,68,37,63,45,46,69,67,75,70,69,69,77,63,80,89,73,58,73,74,32,61,48,63,66,71,70,12,16,13,15,10
http://sofifa.com/player/216036,Rafael Delgado,80,42,76,69,21,76,68,70,69,69,70,72,60,70,68,78,75,77,70,74,75,68,68,70,63,66,65,68,69,9,13,7,14,11
http://sofifa.com/player/153060,Juan Insaurralde,46,38,75,69,23,39,46,27,56,58,49,49,58,74,52,48,73,60,77,35,77,68,37,52,40,63,72,72,69,11,10,13,6,13
http://sofifa.com/player/215015,Bruno Bianchi,46,26,68,68,26,57,32,24,64,60,59,65,62,64,58,52,69,65,77,35,66,75,46,40,21,57,73,75,69,14,15,14,16,10
http://sofifa.com/player/219879,Matias Pisano,65,65,43,70,48,72,72,66,67,70,78,77,81,80,79,69,60,72,33,71,43,36,66,71,49,68,29,37,34,7,10,7,13,8
http://sofifa.com/player/226797,Ignacio Malcorra,75,62,37,69,49,73,80,82,65,72,82,74,77,67,85,73,78,78,65,65,45,39,62,70,70,71,40,48,37,7,15,12,14,14
http://sofifa.com/player/167661,Jesus Mendez,66,62,65,77,46,72,70,71,71,75,60,65,71,69,53,75,70,77,75,69,80,62,66,64,54,63,67,66,61,12,6,15,6,16
http://sofifa.com/player/187644,Cristian Maidana,72,58,48,74,55,71,76,75,73,73,67,68,76,72,60,70,50,66,68,65,68,29,71,71,65,68,27,33,30,9,15,16,8,15
http://sofifa.com/player/218621,Facundo Sanchez,62,56,57,64,51,72,51,40,59,71,93,89,75,78,73,67,54,84,61,64,72,62,56,60,62,66,68,70,69,12,7,15,6,14
http://sofifa.com/player/215294,Cristian Menendez,50,71,75,65,51,64,51,47,56,68,66,67,60,74,54,74,75,64,78,70,56,47,75,76,72,74,33,21,30,14,12,9,13,7
http://sofifa.com/player/224510,Walter Bou,67,76,56,66,67,70,62,45,55,68,75,72,73,69,69,77,89,59,59,78,35,13,76,57,59,63,16,15,19,12,15,12,11,12
http://sofifa.com/player/142592,Israel Damonte,67,56,65,74,52,70,57,61,72,72,69,54,68,69,71,62,57,58,66,57,78,70,66,69,60,67,69,69,67,12,15,13,9,16
http://sofifa.com/player/215309,Lucas Albertengo,66,72,63,71,68,73,59,37,61,73,71,73,77,71,66,66,60,73,64,66,66,26,75,74,69,68,15,21,23,6,13,13,13,15
http://sofifa.com/player/224796,Jorge Rodriguez,34,29,73,63,28,38,22,25,46,61,62,66,56,62,60,46,79,60,75,24,64,66,44,25,37,51,74,73,66,7,12,15,15,6
http://sofifa.com/player/159520,Nereo Fernandez,20,12,23,15,11,19,15,19,22,15,42,44,58,61,48,23,58,37,78,10,36,28,12,27,24,60,13,15,13,66,71,62,78,70
http://sofifa.com/player/215332,Carlos Auzqui,67,69,70,68,69,70,60,68,67,65,83,82,79,68,71,77,77,72,68,72,71,42,69,66,59,64,32,30,33,8,7,10,14,15
http://sofifa.com/player/188201,Tomas Costa,59,49,62,81,60,54,58,57,76,69,63,53,67,71,47,71,79,87,74,60,69,58,64,71,48,72,64,62,49,9,16,15,12,11
http://sofifa.com/player/220715,Ezequiel Ponce,59,74,69,55,59,74,68,57,47,67,78,76,75,71,76,76,80,75,67,59,43,29,67,54,66,64,27,30,28,12,16,7,7,6
http://sofifa.com/player/231212,Esteban Rolon,54,42,58,73,57,57,47,55,71,74,72,69,67,67,68,70,71,71,65,59,72,67,55,65,53,67,70,68,66,15,8,15,10,11
http://sofifa.com/player/199726,Marco Torsiglieri,59,39,74,58,47,45,61,55,64,51,38,38,41,64,34,58,46,59,92,35,76,70,40,54,61,63,72,70,71,9,14,10,14,10
http://sofifa.com/player/215358,Marcelo Meli,59,58,64,70,55,67,59,40,66,70,79,80,79,74,75,71,76,92,64,62,77,73,65,72,49,63,68,68,66,8,16,11,7,10
http://sofifa.com/player/222022,Leonel Di Placido,74,28,51,65,54,76,41,33,59,68,85,82,71,66,76,65,63,78,55,57,67,62,62,68,45,50,63,69,72,10,16,10,11,7
http://sofifa.com/player/158540,Cristian Campestrini,11,10,13,23,11,12,11,15,12,15,24,26,30,68,50,24,60,38,72,10,45,13,12,38,21,61,10,12,11,73,70,63,70,72
http://sofifa.com/player/172620,Matias Cahais,48,34,68,64,46,50,47,41,54,51,51,53,57,63,48,64,66,67,81,53,69,71,31,44,55,64,72,74,71,9,12,12,6,16
http://sofifa.com/player/231507,Alexis Soto,68,33,44,64,37,75,71,41,44,71,75,76,71,66,68,44,70,82,52,34,75,66,41,55,38,61,71,72,73,12,5,6,7,14
http://sofifa.com/player/203864,Bruno Zuculini,59,55,58,78,59,73,49,48,73,76,67,70,69,71,66,80,64,45,63,59,59,69,54,74,80,70,65,65,62,12,9,12,9,13
http://sofifa.com/player/223065,Gustavo Toledo,63,37,52,68,27,72,37,25,63,67,84,80,75,75,69,66,74,81,57,55,62,68,66,66,37,68,70,62,68,7,7,10,10,10
http://sofifa.com/player/142938,German Denis,56,73,80,71,68,53,68,64,44,74,42,35,60,65,63,81,74,62,84,66,45,24,80,54,82,72,18,26,20,14,13,10,5,5
http://sofifa.com/player/207454,Patricio Rodriguez,73,63,50,70,70,72,72,69,69,70,79,78,82,64,82,65,72,65,34,60,26,42,66,67,71,63,30,31,29,14,7,12,8,11
http://sofifa.com/player/232543,Sebastian Bertoli,12,19,10,23,9,14,12,21,24,20,24,33,38,64,40,25,59,19,60,10,33,11,7,39,72,34,8,13,11,75,71,79,65,71
http://sofifa.com/player/233825,Nicolas Leguizamon,35,72,71,60,66,70,41,33,51,68,75,74,73,67,63,73,74,75,76,61,70,18,72,39,55,72,24,21,25,8,11,5,10,13
http://sofifa.com/player/215144,Emanuel Insua,62,55,67,68,30,68,33,42,65,69,71,75,67,69,65,72,76,82,67,63,82,68,63,60,41,65,68,71,72,8,11,7,14,8
http://sofifa.com/player/210281,Cristian Pellerano,51,65,68,71,67,65,71,67,68,69,53,56,60,68,59,73,76,75,81,73,80,71,67,68,65,73,70,67,62,10,10,6,7,7
http://sofifa.com/player/162411,Emanuel Villa,61,74,81,64,66,62,65,62,56,65,39,46,63,75,61,71,78,45,80,62,66,45,78,63,68,78,36,30,37,13,7,15,12,6
http://sofifa.com/player/192367,Ignacio Canuto,42,38,72,63,37,55,49,45,50,62,54,56,66,65,72,65,77,66,81,50,69,66,23,48,51,60,70,70,69,15,10,12,13,13
http://sofifa.com/player/142705,Mariano Gonzalez,75,71,62,72,65,75,71,73,68,75,61,60,72,66,75,78,61,65,67,77,77,60,68,73,60,73,50,55,49,15,10,8,14,8
http://sofifa.com/player/215155,Fernando Zuqui,60,65,56,77,49,71,61,58,73,75,66,69,80,76,75,63,63,77,67,64,60,66,65,69,53,67,57,59,58,1,1,1,1,1
http://sofifa.com/player/215157,Federico Lertora,64,52,63,69,53,64,57,58,68,70,66,65,62,65,56,59,75,75,70,40,68,67,54,63,58,61,77,76,72,8,7,14,8,7
http://sofifa.com/player/158088,Pablo Alvarez,59,43,62,76,43,59,66,53,62,64,66,69,64,71,74,70,75,71,80,59,81,73,52,51,49,72,76,74,71,6,7,6,11,16
http://sofifa.com/player/214671,Rodrigo Gomez,69,65,52,68,57,73,73,73,67,71,83,86,84,67,87,72,59,85,39,75,68,55,58,58,67,52,47,46,46,14,15,10,15,7
http://sofifa.com/player/235675,Mateo Garcia,68,73,34,70,66,78,65,55,55,74,77,67,82,66,87,60,41,71,31,67,33,21,62,65,54,61,22,25,20,5,6,13,6,15
http://sofifa.com/player/202154,Fabian Bordagaray,65,75,59,63,58,72,61,75,62,77,71,75,63,63,68,68,67,70,71,77,43,40,75,61,72,65,26,39,29,10,16,10,8,6
http://sofifa.com/player/215216,Alexis Niz,62,39,70,51,30,34,28,27,50,53,61,69,57,68,61,56,91,65,71,46,64,74,30,29,41,64,72,72,69,7,11,14,14,13
http://sofifa.com/player/221619,Victor Cabrera,34,34,60,65,31,62,34,30,68,66,70,71,65,64,59,40,59,62,70,46,82,73,26,48,44,59,71,73,68,15,14,15,10,7
http://sofifa.com/player/165561,Cristian Villagra,70,49,55,72,43,68,56,39,69,66,80,79,70,71,72,73,60,64,70,57,80,70,55,61,56,69,69,71,73,14,10,6,7,10
http://sofifa.com/player/210363,Lucas Wilchez,65,65,39,73,62,72,65,75,68,72,69,73,76,62,86,69,61,60,63,67,56,40,69,71,59,70,29,35,28,16,8,9,9,7
http://sofifa.com/player/223422,Emanuel Loeschbor,32,40,70,59,28,40,32,28,45,53,61,60,42,69,64,42,76,56,79,39,66,67,26,32,40,53,71,72,71,6,9,14,10,12
http://sofifa.com/player/214979,Juan Musso,20,18,15,31,15,16,16,12,24,20,46,42,32,57,39,18,51,35,70,14,27,18,19,48,25,43,20,14,16,72,70,71,71,75
http://sofifa.com/player/171975,Gonzalo Bergessio,58,72,69,65,63,65,59,56,50,66,67,64,69,74,68,74,78,55,80,59,85,25,72,65,68,73,26,29,30,6,8,9,8,6
http://sofifa.com/player/227530,Damian Lemos,56,37,72,64,31,60,60,53,66,62,64,69,64,74,60,46,74,84,73,36,84,73,50,56,51,67,70,72,74,8,16,12,15,8
http://sofifa.com/player/214733,Maximiliano Cerato,65,62,53,67,52,73,54,62,46,71,91,91,90,54,75,60,53,78,48,56,51,27,73,64,60,57,15,17,20,7,8,12,12,14
http://sofifa.com/player/224461,Walter Montoya,66,54,46,64,48,78,65,52,65,69,82,79,76,66,80,62,61,65,56,77,53,28,68,74,51,60,41,40,38,9,10,12,15,13
http://sofifa.com/player/153061,Gustavo Colman,74,56,52,78,57,70,75,60,74,73,55,61,65,74,68,72,53,47,62,69,58,59,70,79,72,74,49,48,53,16,10,10,15,8
http://sofifa.com/player/185061,Javier Morales,70,71,51,74,69,66,79,70,72,70,63,55,68,59,69,77,55,45,57,75,66,52,73,72,72,70,35,39,25,12,16,9,8,15
http://sofifa.com/player/153062,Victor Figueroa,65,65,42,71,64,71,75,70,75,73,82,76,78,72,85,73,81,74,36,70,74,58,64,76,34,74,37,49,38,6,16,13,12,16
http://sofifa.com/player/153066,Lucas Licht,80,52,53,52,48,76,73,68,71,69,78,79,73,66,77,71,76,70,60,68,65,67,53,64,83,74,75,73,71,8,14,6,15,8
http://sofifa.com/player/212715,Sebastian Palacios,62,66,53,65,62,74,62,45,60,68,90,90,91,68,89,73,73,70,59,65,65,47,70,62,53,70,25,32,34,15,13,6,13,9
http://sofifa.com/player/237291,Gustavo Blanco Leschuk,29,67,80,67,54,63,30,39,22,60,69,67,48,69,45,71,60,57,82,68,48,24,81,49,56,62,23,24,17,8,11,14,13,10
http://sofifa.com/player/163056,Nereo Champagne,13,17,20,18,16,12,15,18,25,15,40,36,56,67,32,25,62,31,62,15,30,23,10,50,20,44,20,14,13,70,68,66,72,71
http://sofifa.com/player/179698,Leandro Grimi,75,56,68,63,49,63,34,48,60,65,70,66,72,67,65,70,83,73,71,70,80,67,61,68,56,67,74,73,74,6,10,16,11,11
http://sofifa.com/player/214772,Nicolas Pasquini,73,59,56,71,52,72,75,68,66,71,78,75,74,75,76,74,72,73,57,66,69,69,67,71,61,66,60,66,68,15,11,13,8,8
http://sofifa.com/player/223243,Emanuel Aguilera,37,40,65,60,33,52,59,67,58,62,54,63,35,67,34,58,55,67,81,56,66,69,55,47,64,58,72,73,69,8,16,13,16,8
http://sofifa.com/player/223245,Brian Fernandez,62,63,62,68,64,76,71,67,64,74,87,88,89,68,89,75,83,69,59,70,37,19,66,64,52,68,19,24,21,9,10,16,7,13
http://sofifa.com/player/198426,Gonzalo Castellani,68,62,68,75,61,71,76,72,71,74,65,69,70,65,75,80,59,63,80,72,78,59,65,71,72,74,28,41,31,12,13,7,14,11
http://sofifa.com/player/215076,Lorenzo Faravelli,64,65,45,69,54,71,57,65,67,69,74,76,76,69,74,59,72,72,64,74,71,76,64,63,63,67,49,75,68,11,14,10,9,14
http://sofifa.com/player/207657,Fernando Barrientos,71,42,49,70,42,68,63,58,72,70,69,67,74,67,76,75,71,82,65,72,61,64,63,70,50,63,56,69,61,8,10,9,9,8
http://sofifa.com/player/222511,Ezequiel Unsain,15,14,15,34,18,21,20,17,23,22,45,39,50,67,51,22,60,32,63,12,18,20,9,41,22,23,12,19,20,78,64,73,60,74
http://sofifa.com/player/139057,Clemente Rodriguez,71,58,42,67,53,64,46,53,62,69,76,70,71,64,80,65,81,74,64,51,72,68,60,64,48,74,65,73,72,16,11,10,15,13
http://sofifa.com/player/202811,Emiliano Martinez,22,16,26,27,23,13,22,20,46,26,59,57,49,60,49,28,60,14,70,26,37,13,12,49,42,37,12,20,20,71,68,73,67,72
http://sofifa.com/player/193602,Maximiliano Coronel,45,29,71,58,42,42,44,47,56,55,58,51,51,68,51,62,85,54,71,33,71,65,24,42,40,39,69,74,73,11,9,14,13,6
http://sofifa.com/player/232517,Nicolas Silva,69,52,36,69,48,77,66,72,67,66,88,85,94,65,94,52,56,69,31,51,33,19,60,62,47,63,11,15,16,8,13,11,14,6
http://sofifa.com/player/226636,Nicolas Sanchez,67,57,46,73,53,68,66,68,67,67,78,75,80,62,77,61,55,81,59,58,52,36,65,71,61,60,45,46,47,8,14,10,11,15
http://sofifa.com/player/232524,Nicolas Romat,68,40,78,64,21,63,40,43,59,63,61,68,58,75,60,72,75,77,75,59,65,77,45,35,39,64,78,64,62,9,7,13,13,14
http://sofifa.com/player/233292,Miguel Barbieri,28,27,74,50,33,45,32,32,45,46,69,70,56,63,59,56,92,58,82,25,72,66,39,34,42,66,72,69,68,8,9,12,12,12
http://sofifa.com/player/215117,Leandro Desabato,60,47,53,68,53,67,67,52,69,64,68,70,70,71,73,58,83,74,70,58,80,73,59,64,34,62,66,68,66,6,7,11,8,7
http://sofifa.com/player/142670,Rodrigo Brana,61,49,61,73,62,71,58,59,77,70,49,48,57,64,69,69,64,52,56,66,77,68,58,69,50,75,68,74,69,15,8,9,8,14
http://sofifa.com/player/214862,Leandro Benegas,41,73,69,56,70,58,45,40,44,63,75,75,65,69,60,76,72,81,81,68,54,39,68,45,69,60,24,21,16,6,6,14,10,8
http://sofifa.com/player/215380,Guido Milan,26,23,73,59,32,14,27,50,35,49,31,37,48,56,44,67,48,66,90,27,63,72,22,37,40,47,70,75,64,15,12,15,14,7
http://sofifa.com/player/169815,Carlos Luna,68,72,72,76,59,65,62,66,66,68,69,53,71,69,74,76,89,32,75,65,80,45,67,41,79,68,15,17,16,15,13,12,16,7
http://sofifa.com/player/223335,Lucas Diarte,53,26,56,62,28,57,31,33,35,65,60,67,63,74,67,40,90,76,65,23,54,61,45,33,43,64,73,76,82,7,14,7,14,15
http://sofifa.com/player/215147,Lautaro Giannetti,35,32,71,44,32,44,37,59,42,42,68,63,57,62,60,52,85,65,74,33,70,63,26,23,50,43,72,75,81,13,13,13,8,15
http://sofifa.com/player/190575,Franco Zuculini,62,52,57,74,51,68,57,60,70,73,67,69,72,68,76,70,76,72,62,58,68,68,60,68,48,72,60,68,64,15,6,7,12,7
http://sofifa.com/player/192370,Mauro Formica,66,66,65,63,65,74,63,59,67,72,76,76,69,64,76,72,73,54,58,73,52,33,67,71,66,58,23,24,29,14,14,9,13,14
http://sofifa.com/player/193141,Ivan Pillud,65,34,65,64,53,61,71,64,62,63,80,82,62,70,64,73,78,75,80,55,74,65,55,57,69,67,68,69,71,16,14,7,11,7
http://sofifa.com/player/215165,Ciro Rius,73,58,55,68,46,75,66,61,68,72,78,76,77,68,75,72,45,78,62,48,59,24,67,72,63,62,34,33,35,16,15,15,10,7
http://sofifa.com/player/210814,Julian Velazquez,44,41,73,50,36,50,36,35,48,50,67,65,68,62,54,61,73,68,72,32,70,64,36,48,48,60,74,71,74,15,14,7,15,11
http://sofifa.com/player/142720,Carlos Araujo,55,33,58,75,56,67,53,47,66,75,75,63,71,68,68,65,73,71,64,48,68,65,36,59,61,61,72,73,72,16,16,16,8,8
http://sofifa.com/player/219521,Manuel Garcia,17,14,19,23,16,16,13,15,22,15,49,41,52,68,55,17,62,42,46,14,20,27,19,53,20,24,20,17,18,71,65,64,67,73
http://sofifa.com/player/205186,Paulo Gazzaniga,21,12,14,32,8,20,33,21,49,20,63,65,64,59,49,49,66,45,67,19,32,16,13,52,41,49,18,20,11,67,73,84,68,71
http://sofifa.com/player/193414,Nicolas Colazo,68,56,62,69,46,71,77,71,68,69,82,81,77,65,79,76,70,74,62,70,67,64,69,69,69,66,64,68,67,13,6,8,11,13
http://sofifa.com/player/214665,Juan Ramirez,65,58,49,71,49,78,66,54,60,76,75,78,75,58,78,66,45,65,58,53,70,36,57,65,67,63,61,62,57,12,13,9,6,10
http://sofifa.com/player/158089,Pablo Ledesma,63,47,64,80,58,68,58,59,70,66,57,50,65,71,67,64,65,73,73,55,76,62,60,70,64,73,60,65,64,10,9,8,11,9
http://sofifa.com/player/192906,Luis Miguel Rodriguez,66,68,62,71,66,75,70,73,69,74,70,70,72,65,75,76,73,56,57,72,72,15,70,71,71,65,18,16,22,7,7,14,10,13
http://sofifa.com/player/165520,Oscar Scarione,71,66,65,70,71,72,73,70,68,69,67,67,71,68,76,76,50,71,56,70,55,42,68,71,71,69,29,32,30,14,7,16,10,11
http://sofifa.com/player/165784,Dario Bottinelli,68,60,39,72,55,67,75,78,70,74,54,59,78,56,76,72,58,74,67,72,54,58,65,80,76,64,25,30,22,15,12,14,14,6
http://sofifa.com/player/207769,Pablo Nicolas Caballero,46,71,81,70,67,63,33,29,45,65,35,40,40,74,52,72,76,38,75,62,68,25,76,53,72,66,27,25,26,15,10,9,13,13
http://sofifa.com/player/214447,Sergio Lopez,71,56,48,76,54,69,74,81,69,72,65,69,74,57,72,59,63,63,59,62,35,52,62,74,72,65,35,26,31,7,11,9,7,11
http://sofifa.com/player/215987,Facundo Oreja,69,27,45,64,28,53,53,35,62,61,75,65,72,84,83,56,76,51,61,53,79,75,63,60,47,67,76,71,75,16,13,14,13,10
http://sofifa.com/player/186550,Fabian Monzon,70,38,65,66,48,63,71,69,65,68,75,77,74,65,77,78,76,81,77,67,69,61,59,49,50,66,67,67,69,14,9,12,15,11
http://sofifa.com/player/226757,Matias Escudero,26,16,69,54,21,31,23,24,46,53,62,65,47,75,66,32,78,56,71,25,66,77,25,28,38,42,71,69,64,8,15,14,9,13
http://sofifa.com/player/227275,Agustin Rossi,16,12,18,29,15,19,17,21,24,21,44,45,36,72,37,24,60,26,71,20,22,25,17,30,22,38,14,19,16,65,67,59,74,71
http://sofifa.com/player/216015,Nestor Moiraghi,25,25,73,53,23,38,29,27,55,49,46,62,45,62,61,55,70,51,75,25,75,75,21,29,60,64,67,72,69,11,12,12,14,13
http://sofifa.com/player/214993,Pablo Alvarado,56,31,71,56,28,56,27,34,55,61,50,65,66,65,58,45,80,60,73,34,67,68,43,34,40,39,71,71,71,14,6,14,7,11
http://sofifa.com/player/123603,Hugo Campagnaro,58,28,66,56,29,49,37,35,56,53,36,55,53,63,66,68,83,56,86,36,66,67,38,44,38,73,72,70,70,10,13,15,12,15
http://sofifa.com/player/191443,Federico Mancinelli,61,33,68,62,34,55,39,29,43,65,52,43,52,74,71,56,62,75,75,50,75,66,55,31,55,66,81,69,61,13,10,11,15,10
http://sofifa.com/player/229595,Lucas Rodriguez,55,68,55,68,52,72,51,69,64,67,81,74,83,65,88,63,58,84,43,55,64,51,67,66,63,67,46,55,64,14,9,12,14,13
http://sofifa.com/player/215266,Lucas Melano,66,67,62,65,67,68,66,35,61,65,92,89,79,71,60,71,65,84,75,65,55,24,69,66,56,67,26,29,28,13,15,16,7,9
http://sofifa.com/player/234468,Emanuel Reynoso,52,49,59,75,48,77,63,62,63,66,71,62,90,57,76,62,60,66,43,65,71,41,56,80,61,44,35,40,47,7,11,9,5,9
http://sofifa.com/player/218345,Jonathan Zacaria,67,63,47,67,51,73,75,74,69,67,90,80,71,67,74,74,56,72,66,73,50,68,73,61,59,70,53,54,58,11,10,10,9,11
http://sofifa.com/player/232692,Guillermo Acosta,62,54,47,70,45,68,52,48,70,69,78,78,82,73,83,60,72,87,61,62,75,65,59,68,40,61,56,60,61,7,14,15,11,8
http://sofifa.com/player/236287,Nicolas Ibanez,39,72,70,61,64,63,58,41,58,62,73,75,70,67,72,71,77,73,71,63,55,18,74,58,59,63,17,22,21,11,6,12,13,13
http://sofifa.com/player/213253,Hernan Grana,69,43,53,61,40,71,55,45,57,66,74,78,78,64,74,66,70,82,64,65,73,69,62,64,56,57,66,68,67,15,6,11,14,7
http://sofifa.com/player/223495,Ivan Rossi,55,44,39,65,44,64,51,41,62,66,71,74,69,53,70,58,59,73,72,62,82,59,52,60,43,62,76,81,78,7,12,13,10,14
http://sofifa.com/player/143112,Pablo Luguercio,59,63,64,62,60,67,43,46,58,67,78,91,78,71,74,71,64,67,62,63,75,34,69,67,68,64,34,36,33,7,9,13,12,13
http://sofifa.com/player/223241,Marcelo Benitez,68,33,53,63,34,58,53,29,62,63,76,77,72,62,72,52,76,83,63,64,68,68,62,63,26,58,63,68,66,9,11,8,9,10
http://sofifa.com/player/220938,Jorge Correa,64,66,46,61,67,71,65,64,62,70,79,75,80,68,83,74,56,78,56,80,49,36,68,64,54,66,19,26,21,7,12,12,15,7
http://sofifa.com/player/198156,Leandro Marin,70,49,72,66,48,68,42,28,67,65,70,70,66,62,61,61,74,74,71,48,79,62,45,53,50,68,65,67,71,10,8,6,10,15
http://sofifa.com/player/212506,Mauro Matos,47,67,81,64,65,56,68,53,51,64,50,53,56,69,58,71,88,50,73,71,46,25,78,49,75,68,23,25,27,8,13,16,14,14
http://sofifa.com/player/208158,Federico Andrada,64,68,64,67,56,70,60,61,61,68,73,76,72,65,73,73,72,74,72,63,43,27,67,68,66,65,20,24,19,10,11,6,13,6
http://sofifa.com/player/224542,Nery Leyes,58,35,65,64,38,58,59,46,61,62,64,66,58,64,58,57,62,79,79,49,80,72,54,56,45,55,66,72,68,16,7,12,16,9
http://sofifa.com/player/188194,Luis Ibanez,70,61,55,65,68,73,84,78,67,75,78,81,83,68,80,83,76,77,59,75,75,63,65,60,74,63,65,66,63,11,7,10,13,8
http://sofifa.com/player/237604,Alan Franco,31,23,72,35,35,28,31,35,26,56,62,63,44,66,72,41,72,73,69,28,66,71,29,35,41,50,72,73,64,6,8,12,7,13
http://sofifa.com/player/219174,Ramiro Carrera,74,65,64,59,58,66,72,73,59,62,83,81,70,69,70,71,91,77,73,66,52,45,68,70,65,63,37,41,39,14,16,15,8,12
http://sofifa.com/player/172094,Martin Bravo,65,65,66,68,64,72,59,53,68,66,73,76,75,64,77,72,77,74,67,68,59,30,66,65,67,77,28,31,27,9,6,7,11,16
http://sofifa.com/player/232514,Gabriel Carabajal,59,62,39,65,43,75,43,36,63,66,68,72,72,65,75,63,55,67,67,73,40,26,71,75,41,62,32,30,36,5,11,9,14,6
http://sofifa.com/player/156483,Cristian Lucchetti,23,13,23,34,18,24,27,30,32,35,40,45,44,69,45,40,62,35,55,16,45,17,16,51,54,31,16,22,13,70,65,75,62,75
http://sofifa.com/player/233029,Rodrigo Aliendro,56,67,72,67,56,72,55,47,64,68,80,79,75,60,73,66,78,78,63,63,64,28,60,64,52,52,38,47,41,6,12,10,13,13
http://sofifa.com/player/194885,Cristian Erbes,62,44,65,70,56,66,65,65,65,70,69,66,64,67,78,68,52,65,60,61,74,69,59,60,55,66,71,71,68,15,9,6,9,16
http://sofifa.com/player/215111,Gonzalo Veron,66,59,52,65,71,69,45,66,60,68,84,82,77,68,72,68,48,59,60,62,50,33,66,66,61,61,30,37,31,15,7,9,7,7
http://sofifa.com/player/211272,Claudio Corvalan,71,35,66,61,53,62,34,39,62,55,75,74,71,72,64,62,63,87,73,46,71,68,50,35,61,65,64,62,66,7,12,9,14,11
http://sofifa.com/player/152910,Cristian Nasuti,48,28,75,56,38,42,49,60,60,48,31,31,43,64,60,64,72,46,75,42,75,68,46,42,48,58,70,68,65,9,11,7,16,6
http://sofifa.com/player/203859,Lucas Aveldano,36,49,72,63,27,33,25,28,58,61,55,58,51,63,49,71,72,78,81,43,78,65,53,58,59,62,70,67,60,9,10,11,15,7
http://sofifa.com/player/215123,Alan Aguerre,14,20,17,25,16,17,18,18,21,19,49,43,45,70,57,18,61,34,62,14,23,19,11,49,22,50,14,19,12,67,70,60,68,69
http://sofifa.com/player/228179,Alexis Castro,63,66,67,67,50,72,59,58,65,68,78,77,78,65,73,63,70,70,65,76,44,74,68,66,53,66,58,63,52,8,14,16,7,13
http://sofifa.com/player/213588,Alejandro Sanchez,20,18,17,24,19,20,13,14,22,20,23,20,23,68,48,23,33,18,68,14,13,10,10,43,25,23,20,15,14,67,64,69,67,74
http://sofifa.com/player/203863,Luis Farina,65,61,58,67,53,72,73,68,63,73,74,71,76,70,78,68,66,46,61,59,45,49,63,69,65,61,41,50,48,10,9,7,9,9
http://sofifa.com/player/215130,Nelson Ibanez,19,14,13,23,18,20,12,13,24,16,46,44,38,56,55,21,51,37,65,16,32,18,14,27,23,30,19,14,12,74,65,76,64,72
http://sofifa.com/player/202331,Facundo Quignon,63,48,59,67,44,61,56,44,65,67,68,70,63,70,64,59,59,77,73,57,61,66,61,72,51,54,64,71,74,14,7,15,7,10
http://sofifa.com/player/203871,Valentin Viola,66,67,65,68,69,70,55,66,64,67,71,69,68,66,66,68,65,67,71,66,62,22,68,68,64,70,18,24,22,15,7,16,8,6
http://sofifa.com/player/219491,Rodrigo Erramuspe,35,27,71,48,36,36,29,31,39,49,46,55,43,64,44,46,69,63,80,30,65,63,26,32,62,56,71,73,69,10,15,9,15,6
http://sofifa.com/player/224876,Marcos Curado,29,27,72,52,36,29,33,28,41,46,55,59,39,72,49,61,71,63,80,28,71,65,31,31,47,61,71,68,62,12,15,8,10,8
http://sofifa.com/player/215149,Lucas Ceballos,71,41,56,67,42,66,53,42,64,65,77,79,89,65,90,50,82,76,43,44,74,65,53,62,44,54,63,66,64,6,14,8,12,11
http://sofifa.com/player/226162,Emiliano Buendia,70,67,66,74,49,69,72,58,72,70,71,71,73,59,75,48,44,58,59,64,59,59,62,63,49,61,66,59,49,11,10,13,7,9
http://sofifa.com/player/227186,Augusto Batalla,17,14,16,25,13,13,13,17,22,18,43,42,37,71,43,22,56,33,76,15,26,23,17,28,23,24,15,18,17,72,67,65,62,71
http://sofifa.com/player/217203,Leonardo Sanchez,34,28,72,43,33,40,36,29,38,43,43,33,34,68,37,56,33,57,90,22,66,65,27,29,47,50,72,74,68,10,10,10,9,12
http://sofifa.com/player/165493,Nicolas Navarro,18,17,15,35,20,19,16,20,22,25,50,52,58,68,41,16,53,37,52,15,31,17,12,41,23,61,16,14,19,69,68,68,68,69
http://sofifa.com/player/165494,Franco Niell,60,65,75,62,71,68,68,58,57,71,84,92,92,62,91,70,91,75,32,60,56,46,72,67,69,69,23,34,32,6,10,12,7,12
http://sofifa.com/player/179842,Jose San Roman,52,15,59,54,14,61,32,36,58,62,73,59,57,72,71,25,72,81,61,15,63,75,60,53,46,28,73,73,70,7,8,15,9,11
http://sofifa.com/player/214661,Gaspar Iniguez,62,43,49,72,48,68,58,45,69,71,67,67,75,65,78,68,72,77,68,63,63,66,64,65,51,59,63,68,61,14,15,8,14,16
http://sofifa.com/player/162949,Emiliano Armenteros,73,65,57,70,63,67,69,72,72,71,65,63,66,69,73,67,57,60,65,74,50,55,68,72,53,66,48,54,47,8,8,6,6,12
http://sofifa.com/player/223881,Julio Chiarini,15,18,20,25,15,13,20,17,21,17,45,49,33,57,58,18,59,31,57,15,19,23,12,51,22,21,12,11,15,67,65,81,73,72
http://sofifa.com/player/215178,Erik Godoy,69,30,66,61,32,45,33,28,51,56,65,68,48,64,55,40,74,75,80,26,79,62,26,30,40,53,66,67,67,11,11,7,13,8
http://sofifa.com/player/215183,Ezequiel Rescaldani,43,69,82,62,61,57,47,59,42,64,42,42,47,66,33,76,33,61,92,68,34,35,72,52,72,58,28,32,22,14,15,14,9,13
http://sofifa.com/player/215192,Gaston Diaz,75,44,55,69,43,68,69,65,69,71,81,77,84,70,79,71,70,83,61,69,73,66,69,76,44,52,60,59,61,7,8,8,7,8
http://sofifa.com/player/214937,Lucas Villalba,71,35,59,66,40,57,60,62,60,68,76,82,78,64,68,60,76,75,59,52,68,68,59,60,42,51,57,63,65,8,10,14,13,15
http://sofifa.com/player/219553,Claudio Aquino,66,67,58,69,65,67,64,36,66,69,72,74,76,62,74,68,70,70,73,67,45,49,66,70,67,61,33,29,26,10,15,16,15,10
http://sofifa.com/player/215213,Axel Werner,14,19,15,25,12,13,20,15,19,23,41,46,34,53,43,24,58,38,75,18,24,27,16,39,23,31,16,13,17,78,67,74,64,70
http://sofifa.com/player/143032,Ismael Blanco,63,68,72,67,69,70,66,57,64,71,50,54,68,68,70,74,75,66,59,65,56,42,74,57,80,62,42,34,39,11,9,6,8,6
http://sofifa.com/player/214971,Francisco Pizzini,61,59,52,65,44,73,71,49,67,71,77,77,81,63,71,68,58,67,72,65,33,28,65,67,62,71,14,24,23,7,11,10,9,11
http://sofifa.com/player/219844,Franco Bellocq,61,42,64,67,46,62,61,61,63,73,67,66,66,71,72,61,71,80,62,57,72,62,54,55,49,61,71,70,62,14,13,15,6,6
http://sofifa.com/player/220358,Facundo Monteseirin,44,23,71,57,34,60,44,28,48,60,52,56,40,56,55,63,74,58,80,34,59,65,31,35,40,49,70,71,70,14,13,12,14,7
http://sofifa.com/player/227274,David Barbona,67,60,45,64,58,70,60,62,63,67,79,84,76,65,77,65,68,70,62,58,44,26,66,59,59,54,36,40,38,8,6,13,12,11
http://sofifa.com/player/224459,Victor Salazar,56,46,49,67,33,70,46,35,57,61,91,90,89,61,81,53,70,83,57,48,71,62,56,40,36,47,63,71,70,13,16,8,7,13
http://sofifa.com/player/224205,Mariano Barbieri,70,62,60,66,52,71,50,39,65,65,77,76,93,61,92,63,75,71,33,72,45,26,67,63,48,52,20,24,26,14,13,16,8,16
http://sofifa.com/player/217807,Javier Mendoza,65,60,38,63,39,73,59,46,64,68,83,80,75,65,83,69,77,70,42,54,65,45,62,60,57,52,24,21,23,14,9,13,11,10
http://sofifa.com/player/216020,Leonardo Gil,78,35,77,78,37,73,67,76,74,59,73,68,71,56,73,67,83,75,59,74,77,58,61,70,39,65,65,69,70,12,7,9,16,16
http://sofifa.com/player/220128,Jonatan Cristaldo,59,68,65,66,70,69,68,48,51,69,76,76,77,64,75,73,55,70,63,68,65,34,68,59,65,67,21,23,21,13,13,16,12,9
http://sofifa.com/player/226787,Santiago Rosales,55,61,72,64,52,78,69,55,62,68,80,84,74,57,70,62,74,64,59,57,33,22,66,76,61,63,13,17,14,15,10,12,13,14
http://sofifa.com/player/185064,Fabian Espindola,69,68,61,62,64,72,73,68,56,68,75,71,74,66,70,76,72,79,64,64,80,32,69,70,69,65,27,22,13,15,13,10,6,14
http://sofifa.com/player/215020,Juan Ignacio Cavallaro,62,65,43,72,47,72,47,41,65,67,79,76,79,66,78,68,30,62,69,76,42,39,63,67,56,65,32,35,36,14,13,13,9,7
http://sofifa.com/player/214765,Marcelo Herrera,58,42,68,70,33,59,47,35,69,64,67,68,59,65,64,61,69,74,73,53,65,70,52,49,42,61,70,67,65,8,13,15,11,12
http://sofifa.com/player/214767,Luciano Balbi,71,43,46,61,42,65,59,46,63,66,81,77,83,67,79,58,79,75,64,49,73,68,54,39,44,56,62,67,69,7,9,7,11,12
http://sofifa.com/player/212208,Leonel Galeano,51,25,68,59,31,55,50,35,62,58,54,67,56,63,54,45,64,69,73,37,68,63,54,53,47,55,69,72,69,10,15,8,15,11
http://sofifa.com/player/212721,Nahuel Zarate,62,36,55,64,45,62,48,49,63,65,76,76,73,68,70,65,58,71,62,46,69,68,60,47,52,58,66,69,69,14,10,16,10,9
http://sofifa.com/player/232695,Franco Sbuttoni,24,25,73,68,22,38,26,17,54,52,51,38,40,67,32,45,59,59,84,20,73,69,26,24,29,60,71,64,60,9,10,12,11,5
http://sofifa.com/player/214776,Oscar Benitez,66,62,71,69,52,73,66,46,67,72,76,77,75,67,74,70,73,72,71,63,62,56,64,63,57,69,39,58,52,12,7,15,9,10
http://sofifa.com/player/219647,Agustin Vuletich,50,65,72,60,60,68,45,39,55,66,66,70,53,67,55,73,64,65,82,60,74,34,69,55,65,53,20,28,24,9,11,7,14,15
http://sofifa.com/player/143107,Marcos Gelabert,52,48,56,67,47,66,74,76,65,74,57,54,61,83,70,59,62,48,71,56,75,63,55,80,63,70,61,58,55,13,14,9,12,14
http://sofifa.com/player/227591,Alexis Canelo,70,68,58,66,50,73,51,42,58,72,82,81,73,55,65,76,69,65,63,66,61,27,60,58,61,67,22,21,21,9,8,8,15,7
http://sofifa.com/player/190987,Luciano Civelli,67,62,61,68,52,67,61,61,60,66,73,71,58,67,61,68,45,76,78,67,71,66,66,68,64,55,63,65,62,11,16,7,16,16
http://sofifa.com/player/220429,Gaston Campi,45,29,68,63,29,62,35,35,63,64,55,40,31,64,34,66,31,70,90,62,63,73,58,59,44,55,61,68,63,14,6,16,8,7
http://sofifa.com/player/223501,Adrian Sporle,63,42,57,63,47,65,44,30,58,64,77,76,67,66,55,62,65,74,76,44,60,66,63,55,58,59,65,67,65,10,10,11,14,13
http://sofifa.com/player/223249,Gabriel Arias,15,19,17,25,14,15,18,20,19,20,36,40,34,64,56,16,60,32,60,16,25,16,17,37,24,32,13,15,14,68,62,58,67,76
http://sofifa.com/player/228893,Manuel Guanini,36,21,74,54,33,34,36,34,49,39,34,35,51,66,49,41,48,73,85,23,71,69,28,34,49,43,66,68,67,15,10,10,6,8
http://sofifa.com/player/221990,Yonathan Cabral,33,23,79,52,31,44,31,28,51,43,45,58,40,64,48,40,56,54,83,28,72,65,33,44,41,44,67,68,65,10,7,12,15,9
http://sofifa.com/player/215335,Maximiliano Nunez,71,58,55,68,47,65,67,50,63,64,85,83,80,58,78,68,63,72,39,66,65,52,62,66,53,68,46,46,43,16,10,13,14,10
http://sofifa.com/player/221747,Gonzalo Diaz,65,53,48,64,56,75,57,45,60,72,79,78,77,61,75,65,50,59,50,51,49,25,63,66,62,64,35,39,36,9,12,15,9,10
http://sofifa.com/player/225591,Leonardo Suarez,68,69,54,69,59,77,76,60,63,70,75,68,88,58,91,56,74,46,38,70,36,15,55,71,62,61,19,22,11,11,14,6,15,7
http://sofifa.com/player/215352,Martin Luque,61,66,48,63,59,70,70,46,55,72,80,82,78,63,79,59,62,70,49,57,32,23,64,61,59,65,28,30,35,6,13,12,15,16
http://sofifa.com/player/224330,Nicolas Stefanelli,54,75,53,60,64,72,62,46,50,69,87,86,87,53,82,63,83,75,56,57,58,39,70,76,55,56,21,16,27,7,13,12,11,14
http://sofifa.com/player/183894,Matias Sanchez,49,47,43,68,59,63,57,58,58,70,70,69,64,69,76,51,51,73,62,54,65,67,52,63,50,67,69,65,68,10,10,6,16,16
http://sofifa.com/player/231013,Tomas Andrade,48,52,40,66,43,76,46,45,62,67,75,84,82,55,81,52,60,82,59,58,36,24,63,69,50,51,24,21,22,12,10,8,9,15
http://sofifa.com/player/226408,Fernando Brandan,56,64,37,57,45,72,53,60,54,69,90,87,93,69,87,64,76,68,38,64,33,32,59,62,59,66,32,29,30,8,16,16,10,16
http://sofifa.com/player/226668,Nicolas Mazzola,31,71,63,48,65,61,41,31,39,69,61,59,64,63,57,72,68,69,86,58,61,27,72,53,62,51,22,23,21,7,15,13,12,7
http://sofifa.com/player/223615,Christian Chimino,63,35,57,60,34,61,58,45,53,63,78,80,62,69,66,60,64,81,62,53,70,64,49,45,62,52,62,68,65,12,13,15,11,6
http://sofifa.com/player/215168,Juan Garro,56,71,57,62,58,66,48,36,47,71,72,68,72,61,67,71,62,72,71,42,29,12,71,52,66,55,21,17,20,11,11,16,7,7
http://sofifa.com/player/215169,Facundo Castillon,59,61,58,64,59,71,60,57,56,70,82,80,84,66,77,70,74,59,63,70,33,20,67,65,67,65,26,25,21,14,11,8,9,7
http://sofifa.com/player/165505,Carlos Matheu,55,21,67,61,21,49,37,15,67,67,66,67,50,66,52,22,64,60,75,31,73,65,47,50,30,67,71,68,51,9,8,7,14,8
http://sofifa.com/player/241025,Leonardo Heredia,60,65,54,66,71,74,67,45,62,72,70,76,64,62,61,71,60,65,72,66,44,33,65,63,56,63,32,31,30,11,8,13,8,8
http://sofifa.com/player/219523,Jonas Aguirre,58,57,46,67,58,70,56,43,57,69,94,94,83,58,79,67,57,70,58,61,55,40,56,56,64,49,46,55,48,12,13,15,14,9
http://sofifa.com/player/178565,Bruno Urribarri,78,30,52,61,31,62,63,70,60,63,84,81,85,66,78,70,77,83,38,64,77,62,59,66,34,38,61,59,65,12,11,12,6,12
http://sofifa.com/player/219536,Ignacio Pussetto,51,66,63,57,55,73,43,42,54,65,78,75,76,57,66,66,69,71,72,61,33,12,74,50,68,55,23,14,20,6,14,11,11,10
http://sofifa.com/player/232344,Emanuel Dening,42,71,50,66,55,76,42,39,49,66,70,77,75,77,78,66,68,63,44,68,62,15,76,73,65,58,24,23,26,5,11,9,13,14
http://sofifa.com/player/215193,Lucas Menossi,63,43,48,68,52,68,52,59,70,66,77,75,90,68,91,68,79,80,37,71,63,72,64,67,54,64,66,64,63,10,8,14,10,9
http://sofifa.com/player/233372,Bautista Merlini,61,60,39,73,49,69,61,58,64,66,80,83,93,59,84,57,56,65,40,59,72,36,59,63,59,58,45,43,47,12,10,6,15,11
http://sofifa.com/player/229537,Tomas Cardona,44,46,76,53,39,50,44,39,41,58,52,69,65,57,50,46,79,78,82,40,60,55,39,32,59,55,72,66,65,14,14,12,10,10
http://sofifa.com/player/237221,Juan Foyth,41,43,67,65,43,66,41,47,49,69,74,72,75,70,74,56,73,73,66,39,55,71,46,52,47,57,66,65,67,8,15,7,14,9
http://sofifa.com/player/143018,German Herrera,56,64,66,64,57,63,60,44,47,62,70,69,69,68,62,75,72,78,76,67,70,39,67,60,69,64,49,45,47,13,8,15,6,10
http://sofifa.com/player/190634,Gaston Sauro,34,26,65,64,14,51,25,44,63,56,52,52,43,60,41,57,79,62,79,30,78,66,27,36,44,55,66,67,64,11,12,14,9,8
http://sofifa.com/player/143025,Emiliano Papa,70,35,64,68,41,66,69,60,65,65,72,74,73,67,75,60,71,69,45,51,71,68,63,65,58,63,67,63,65,8,6,8,14,10
http://sofifa.com/player/190651,Miguel Angel Martinez,28,46,69,55,30,32,23,60,50,40,36,41,34,55,36,68,67,67,82,60,81,66,26,41,27,57,70,67,65,10,13,9,14,11
http://sofifa.com/player/227772,Gaston Gimenez,68,62,63,67,57,73,61,58,71,68,62,66,71,63,55,67,44,72,90,61,71,61,63,66,55,69,54,65,55,13,16,8,12,13
http://sofifa.com/player/214206,German Cano,44,72,68,66,63,63,63,55,61,65,66,69,70,66,69,63,72,64,68,66,32,35,67,66,66,67,18,23,19,14,10,8,6,13
http://sofifa.com/player/190918,Gaston Cellerino,43,72,68,54,58,57,48,48,34,64,58,56,67,60,46,77,65,65,82,57,69,30,72,56,72,60,27,39,23,16,15,8,11,7
http://sofifa.com/player/215240,Matias Fissore,45,43,32,68,46,68,41,45,73,73,63,68,90,75,85,66,75,74,34,47,73,73,61,48,46,44,61,63,60,8,12,12,8,15
http://sofifa.com/player/214988,Leonel Miranda,64,58,56,75,45,65,66,67,68,69,79,79,80,61,81,66,55,82,56,69,70,69,59,59,54,66,52,53,45,14,11,15,9,10
http://sofifa.com/player/216012,Andres Imperiale,48,19,64,63,23,45,28,30,71,50,50,59,54,63,52,36,75,66,77,16,81,66,23,29,35,51,65,65,67,10,9,9,8,12
http://sofifa.com/player/220624,Lucas Acosta,12,17,19,25,16,14,18,19,22,15,60,60,50,62,58,25,63,42,77,13,20,28,17,26,25,26,19,21,21,69,58,70,69,72
http://sofifa.com/player/215249,Rodrigo Depetris,68,64,68,67,47,68,64,61,64,66,76,75,70,59,65,70,80,75,60,66,32,16,59,64,69,58,19,15,16,12,9,15,10,13
http://sofifa.com/player/215250,Cesar Rigamonti,14,14,17,30,16,16,16,21,21,24,43,44,37,66,48,24,59,29,69,17,23,20,12,32,20,35,20,15,16,67,64,62,73,68
http://sofifa.com/player/216018,Jonatan Blanco,55,50,77,64,29,63,52,64,60,63,64,64,57,64,49,66,53,84,82,62,70,66,65,61,79,46,63,74,70,12,14,13,16,12
http://sofifa.com/player/215251,Guido Herrera,17,17,20,29,18,20,12,21,18,20,50,45,36,57,54,24,54,39,63,12,27,28,12,16,28,33,18,15,17,70,64,67,66,73
http://sofifa.com/player/214998,Mauro Bogado,53,58,43,65,53,63,67,66,77,73,64,72,72,80,72,64,53,75,59,77,58,48,61,68,59,55,74,68,65,13,7,6,14,9
http://sofifa.com/player/215001,Francisco Mattia,30,24,60,72,33,27,29,25,71,35,42,35,31,70,34,38,34,34,77,21,77,67,20,27,38,49,71,72,70,14,8,9,12,14
http://sofifa.com/player/215262,Fernando Marquez,41,56,69,76,56,70,41,33,64,69,74,79,72,66,62,72,77,76,81,70,48,23,62,74,68,66,28,32,32,11,14,6,13,11
http://sofifa.com/player/143586,Gaston Aguirre,41,37,73,41,32,34,42,40,38,45,54,52,63,61,61,51,78,33,72,44,80,73,42,40,47,76,68,65,68,13,13,15,6,15
http://sofifa.com/player/216037,Nahuel Valentini,39,25,66,58,18,50,23,22,48,60,55,50,48,60,60,44,59,63,82,20,68,66,21,23,28,55,67,68,66,6,5,7,11,13
http://sofifa.com/player/228838,Eric Remedi,55,40,67,71,35,59,38,52,68,65,65,58,62,66,71,58,65,76,60,66,70,65,52,65,50,53,61,67,59,14,14,11,9,10
http://sofifa.com/player/226798,Mauricio Martinez,52,35,48,67,37,68,39,70,70,66,64,68,59,58,49,73,63,74,81,68,67,69,57,59,55,60,65,68,60,11,15,10,10,12
http://sofifa.com/player/158966,Gaston Machin,73,52,66,68,69,76,71,79,67,68,72,72,61,66,62,57,71,68,65,62,36,64,66,74,79,64,64,54,56,8,10,11,14,15
http://sofifa.com/player/207864,Emanuel Molina,62,60,49,68,70,74,69,63,64,70,69,70,71,65,65,72,58,60,68,59,55,26,63,74,62,67,24,31,33,14,10,12,8,8
http://sofifa.com/player/214784,Jorge Pereyra Diaz,68,55,67,67,64,65,69,48,62,67,72,74,68,71,68,70,60,68,58,69,63,59,70,67,57,62,41,52,46,8,7,14,15,14
http://sofifa.com/player/220937,Matias Perez Acuna,71,27,59,59,37,65,54,40,53,60,71,73,76,65,67,43,80,71,61,30,67,64,50,62,44,50,66,67,68,11,9,13,7,6
http://sofifa.com/player/223498,Emanuel Cecchini,59,59,59,67,38,66,51,38,68,67,71,75,74,59,63,71,59,69,63,73,54,72,62,63,38,55,61,70,59,16,15,6,16,9
http://sofifa.com/player/212747,Tomas Martinez,62,48,47,73,50,77,66,59,60,73,77,67,82,64,81,49,63,67,41,73,47,33,71,73,57,68,38,42,36,9,14,15,14,16
http://sofifa.com/player/224524,Esteban Burgos,32,23,66,52,29,48,33,26,45,50,47,45,48,58,43,58,45,68,82,27,69,69,32,29,35,57,70,69,64,15,9,13,7,12
http://sofifa.com/player/176920,Miguel Angel Torren,39,39,67,56,39,53,60,50,55,51,71,72,66,57,67,53,84,72,77,51,48,67,49,47,35,52,71,68,67,13,15,9,16,11
http://sofifa.com/player/176924,Federico Gonzalez,66,65,63,64,40,69,59,35,59,71,72,63,73,61,68,68,75,64,74,63,56,46,68,65,65,62,20,24,22,14,7,10,10,12
http://sofifa.com/player/143133,Diego Herner,32,27,68,48,50,34,32,41,48,50,35,34,33,66,44,54,34,37,85,43,74,70,29,31,40,48,67,66,65,14,12,8,13,12
http://sofifa.com/player/215325,Mauricio Rosales,65,31,60,62,33,61,57,35,58,57,68,70,60,59,62,43,63,85,58,33,59,55,50,45,41,61,64,71,74,14,12,12,12,10
http://sofifa.com/player/219688,Marcos Mauro Lopez,29,32,72,66,37,57,36,39,62,63,56,61,32,56,56,50,60,63,69,45,62,60,34,36,38,52,67,69,68,16,11,9,11,12
http://sofifa.com/player/235827,Gabriel Gudino,57,71,55,69,54,66,62,52,66,62,73,76,72,58,73,66,69,80,42,55,64,52,54,67,60,56,50,59,62,11,7,8,7,8
http://sofifa.com/player/232255,Agustin Bouzat,61,65,56,60,56,76,37,32,43,71,77,74,76,70,67,58,67,71,65,59,58,44,66,59,59,67,27,35,28,9,15,13,7,13
http://sofifa.com/player/232516,Facundo Silva,50,56,71,73,47,75,43,47,67,68,73,77,75,65,76,63,73,60,57,58,63,45,67,56,54,57,41,43,47,9,15,10,11,14
http://sofifa.com/player/224329,Mauricio Carrasco,74,62,56,63,66,66,64,62,58,65,77,79,75,62,79,65,57,63,60,66,35,13,64,65,62,58,17,18,20,14,13,13,8,15
http://sofifa.com/player/207440,Franco Fragapane,66,59,43,63,69,70,67,60,56,65,77,73,83,58,91,67,83,74,43,66,27,50,63,64,67,51,24,28,23,9,11,10,12,10
http://sofifa.com/player/210784,Diego Morales,65,51,37,64,66,68,67,68,65,69,72,69,73,69,75,65,58,45,65,49,45,26,66,72,63,73,27,36,24,13,10,11,10,14
http://sofifa.com/player/215143,Juan Ignacio Sills,68,28,66,60,32,59,34,42,60,60,61,69,60,61,61,45,82,70,71,30,75,70,54,51,47,56,75,72,72,14,9,14,12,15
http://sofifa.com/player/228711,Brian Mansilla,53,64,64,63,51,67,54,34,54,67,91,92,83,62,78,63,63,69,69,58,31,14,59,57,62,55,26,22,22,7,7,13,6,9
http://sofifa.com/player/223593,Javier Correa,34,71,68,55,52,64,31,25,38,66,62,66,62,50,53,73,71,75,75,60,55,28,68,48,56,54,20,19,20,12,10,11,6,12
http://sofifa.com/player/142962,Enrique Bologna,21,13,10,21,10,13,16,18,22,13,47,44,39,63,38,24,65,33,64,15,35,17,15,31,25,60,19,22,17,68,67,53,66,69
http://sofifa.com/player/217202,Lautaro Rinaldi,48,61,65,61,66,66,49,41,52,70,69,74,68,61,61,72,73,71,74,64,61,22,62,57,67,64,16,17,20,10,10,11,8,13
http://sofifa.com/player/215160,Fabrizio Angileri,72,62,42,63,54,72,61,43,56,63,73,72,62,60,57,64,54,82,75,44,33,31,54,56,65,57,38,39,37,8,8,11,9,8
http://sofifa.com/player/165496,Gonzalo Prosperi,63,46,68,65,62,57,46,43,59,65,70,68,65,66,54,58,82,45,75,46,71,66,57,61,57,55,71,72,71,14,7,11,15,8
http://sofifa.com/player/219518,Pablo Becker,65,49,50,67,34,67,68,69,65,68,80,82,76,61,77,69,79,56,60,67,58,48,60,68,55,55,19,23,21,10,7,13,10,7
http://sofifa.com/player/232582,Walter Andrade,24,28,68,51,20,31,20,22,42,40,51,52,42,65,48,57,74,54,82,22,70,64,24,20,30,62,70,65,60,10,6,9,6,13
http://sofifa.com/player/142728,Leonardo Di Lorenzo,56,50,59,62,55,63,62,62,67,67,69,67,71,75,76,70,58,70,57,68,70,77,58,71,49,71,39,59,43,11,13,14,13,6
http://sofifa.com/player/234380,Giuliano Modica,23,31,66,48,27,44,26,26,40,47,64,55,49,66,67,44,81,67,74,30,70,70,44,36,37,67,68,65,66,12,15,8,6,6
http://sofifa.com/player/177299,Adrian Gabbarini,16,20,18,12,17,10,19,14,24,13,44,47,52,66,54,19,67,32,57,15,13,26,12,25,14,26,20,15,18,62,63,74,76,60
http://sofifa.com/player/214940,Sergio Ojeda,33,28,72,54,32,36,29,29,43,47,43,56,44,62,51,53,77,66,81,28,65,60,25,31,43,41,67,66,63,9,9,10,12,7
http://sofifa.com/player/231070,Bruno Pitton,65,51,68,56,63,54,60,49,53,65,75,70,61,58,76,67,78,55,51,47,30,73,52,53,58,54,65,68,67,10,11,5,9,8
http://sofifa.com/player/167329,Mauro Cejas,68,65,60,67,67,68,65,67,62,70,69,66,68,59,71,70,80,69,68,70,78,40,66,63,64,62,22,41,56,7,7,7,16,16
http://sofifa.com/player/143013,Paulo Ferrari,58,51,59,68,47,66,63,59,59,69,76,74,70,66,80,55,77,67,58,54,69,65,58,59,68,70,63,64,66,9,7,11,15,15
http://sofifa.com/player/235177,Maximiliano Correa,50,63,42,73,75,60,64,53,73,61,60,60,62,62,80,61,45,82,56,70,71,67,59,64,73,46,65,52,59,13,12,14,11,10
http://sofifa.com/player/231340,Gonzalo Montiel,49,38,61,57,32,47,39,36,43,54,72,73,70,66,71,37,73,77,72,35,73,68,51,44,42,49,66,65,67,6,10,11,5,6
http://sofifa.com/player/185270,Juan Carlos Blengio,42,32,65,51,31,29,45,44,49,50,35,32,53,58,51,53,77,34,78,39,66,70,45,44,52,70,74,65,63,14,12,14,15,8
http://sofifa.com/player/221627,Hernan Hechalar,61,64,55,64,63,68,64,62,57,65,79,79,83,66,76,65,64,76,60,64,39,43,62,64,65,64,20,21,19,14,11,16,14,14
http://sofifa.com/player/215228,Cristian Lema,33,28,81,42,35,30,27,53,51,38,34,34,33,63,32,66,29,53,90,21,75,69,28,49,53,49,74,63,53,11,8,7,14,9
http://sofifa.com/player/215238,Walter Serrano,64,49,53,66,44,71,62,71,65,66,64,71,71,65,51,74,56,76,77,66,68,61,61,65,47,63,51,64,45,14,13,14,11,9
http://sofifa.com/player/235467,Marcelino Moreno,62,62,46,64,60,75,58,51,60,66,81,77,82,62,82,71,68,66,42,57,48,35,60,64,74,63,21,37,30,8,9,15,8,12
http://sofifa.com/player/212687,Luis Solignac,57,63,65,70,64,67,57,41,34,67,74,77,57,64,60,64,72,71,74,62,69,59,68,68,31,65,29,56,55,6,9,12,7,12
http://sofifa.com/player/231891,Damian Arce,58,60,49,68,42,68,64,60,72,66,72,73,68,56,70,68,59,73,58,58,43,28,60,64,57,62,38,36,41,14,10,10,11,9
http://sofifa.com/player/221661,Guido Vadala,62,58,39,65,58,76,71,62,57,77,81,75,86,54,85,62,55,67,38,58,44,20,54,62,54,54,16,16,20,6,4,3,5,5
http://sofifa.com/player/241633,Fabian Munoz,60,64,55,60,66,69,44,44,56,66,84,83,77,63,73,70,73,70,62,66,74,36,64,63,58,68,26,26,29,13,5,6,9,10
http://sofifa.com/player/142818,Fabian Cubero,62,47,64,65,61,60,48,52,62,69,58,52,69,76,76,58,68,38,62,69,77,72,53,65,70,59,75,72,71,11,8,16,9,9
http://sofifa.com/player/215013,Santiago Zurbriggen,60,36,68,62,31,51,56,37,54,54,74,68,62,63,67,60,76,78,75,34,68,66,48,41,42,58,65,64,66,7,12,16,11,15
http://sofifa.com/player/211433,Fernando Evangelista,67,45,70,66,43,65,32,44,63,64,66,69,62,63,59,63,81,63,74,57,62,63,52,58,51,53,65,68,66,6,14,12,10,10
http://sofifa.com/player/215017,Guillermo Cosaro,65,26,72,66,36,62,34,36,66,63,70,73,64,66,69,55,78,65,73,34,77,69,58,47,48,64,65,66,63,8,11,10,15,13
http://sofifa.com/player/226545,Ezequiel Garre,80,44,50,66,34,62,48,68,64,66,67,63,67,64,71,73,62,66,62,62,71,71,59,68,57,53,65,61,62,7,12,10,7,11
http://sofifa.com/player/143603,German Re,42,39,66,51,61,36,64,59,45,48,62,65,61,63,57,46,82,66,78,58,67,64,33,45,60,64,68,66,65,10,10,14,6,14
http://sofifa.com/player/216053,Ramiro Costa,49,62,76,54,34,68,52,39,44,63,60,56,65,53,40,77,48,36,90,54,55,36,71,62,53,58,24,35,25,14,14,13,12,10
http://sofifa.com/player/156662,Adrian Bastia,61,58,67,70,61,73,46,63,63,64,52,51,57,63,62,67,68,57,70,70,77,78,61,62,76,72,66,59,54,11,11,15,9,6
http://sofifa.com/player/232698,Matias Garrido,68,60,35,69,52,64,65,75,63,68,69,69,70,66,78,68,67,70,50,68,49,58,61,67,59,64,45,61,53,14,7,5,7,8
http://sofifa.com/player/143101,Marcelo Carrusca,69,64,38,68,64,71,69,72,65,73,68,64,62,66,73,62,49,53,44,64,40,44,68,73,69,66,54,53,58,8,10,10,13,14
http://sofifa.com/player/224008,Maximiliano Rolon,67,64,44,59,55,67,56,44,42,65,77,75,76,60,84,64,50,54,51,60,34,27,61,62,62,53,22,32,38,16,9,6,14,14
http://sofifa.com/player/226086,Angel Gonzalez,55,58,44,54,42,73,46,38,58,61,79,80,82,64,71,71,57,71,57,41,48,42,68,63,50,45,30,30,28,9,10,15,10,16
http://sofifa.com/player/235047,Jonathan Menendez,50,64,45,60,57,75,61,47,48,60,86,89,88,53,85,65,71,63,35,65,41,27,65,64,44,57,17,21,24,5,9,10,6,14
http://sofifa.com/player/235049,Ian Escobar,60,28,43,46,26,55,47,36,44,50,84,85,75,66,79,35,91,60,45,33,59,61,44,40,44,45,59,72,75,14,9,9,6,6
http://sofifa.com/player/210219,Emanuel Herrera,37,65,66,66,65,65,61,33,43,67,56,53,55,57,56,71,65,55,81,56,67,12,68,52,69,61,22,17,18,8,13,10,6,10
http://sofifa.com/player/232770,Santiago Colombatto,58,51,51,75,43,65,55,47,72,68,69,64,70,65,76,53,58,53,54,49,68,68,48,71,52,61,39,41,44,7,12,13,12,10
http://sofifa.com/player/226632,Pablo Aguilar,59,53,61,60,43,55,50,41,57,66,74,68,70,71,83,60,75,68,40,56,66,62,56,51,51,61,66,63,64,10,14,7,7,12
http://sofifa.com/player/224337,Matias Orihuela,62,50,54,62,55,72,50,39,63,64,71,68,69,65,71,59,44,84,41,45,33,62,53,69,43,57,55,63,68,8,10,8,13,9
http://sofifa.com/player/228961,Mauro Pitton,58,42,65,66,44,59,47,48,60,63,67,68,61,63,74,56,61,74,59,46,58,79,56,54,49,52,58,60,66,16,14,13,9,15
http://sofifa.com/player/215139,Emanuel Olivera,32,29,61,52,28,40,36,28,33,38,55,61,45,51,62,56,66,65,74,43,59,69,29,33,47,45,65,72,73,9,8,16,13,12
http://sofifa.com/player/226403,Federico Crivelli,13,12,17,18,11,15,14,16,21,14,48,50,54,69,53,19,61,36,72,16,19,25,13,29,22,40,13,12,14,65,64,69,68,58
http://sofifa.com/player/231524,Tomas Pochettino,75,43,49,75,45,66,72,73,73,62,63,65,61,50,67,53,68,76,64,58,45,40,52,78,54,51,40,47,44,9,13,11,14,11
http://sofifa.com/player/226405,Adrian Arregui,45,52,68,63,58,62,39,36,63,64,71,69,68,55,69,61,80,82,69,63,82,63,50,56,53,62,62,68,67,9,16,7,16,15
http://sofifa.com/player/231525,Luciano Perdomo,46,32,53,56,39,55,43,38,61,64,60,62,79,61,78,47,72,80,59,60,56,75,39,48,44,42,63,70,71,8,9,7,14,12
http://sofifa.com/player/224104,Damian Martinez,68,56,55,63,35,64,50,33,48,62,76,73,68,63,71,55,69,66,69,59,66,64,53,52,51,66,62,61,65,11,10,11,15,10
http://sofifa.com/player/192369,Hernan Bernardello,67,42,52,70,55,62,70,60,70,68,51,45,61,61,67,69,53,55,62,60,66,67,36,65,51,64,58,67,62,12,11,14,12,8
http://sofifa.com/player/234108,Gonzalo Maroni,64,40,51,64,64,76,61,57,55,68,79,75,87,55,70,58,58,50,56,49,40,30,68,69,56,65,32,41,40,6,12,11,6,12
http://sofifa.com/player/224386,Mauricio Tevez,60,57,49,63,56,69,60,55,64,68,82,83,83,61,82,69,55,73,58,62,39,22,60,61,56,55,23,21,26,8,8,16,11,8
http://sofifa.com/player/241026,Tomas Chancalay,55,66,54,63,60,72,65,50,60,68,78,75,81,67,80,65,60,62,50,64,31,38,65,65,58,68,30,33,32,10,8,8,7,8
http://sofifa.com/player/193412,David Drocco,68,52,52,70,68,66,56,66,66,73,74,61,75,67,92,54,81,85,65,59,77,52,47,61,60,35,50,50,57,14,14,12,7,6
http://sofifa.com/player/214668,Leandro Barrera,66,59,47,62,51,66,47,43,62,65,76,83,70,62,68,57,60,62,58,64,54,48,56,59,40,52,37,52,45,13,7,11,13,14
http://sofifa.com/player/214669,Marcos Figueroa,68,70,53,58,60,66,69,72,53,67,73,67,76,65,70,64,72,67,64,66,30,20,70,58,49,64,16,20,18,8,13,13,10,15
http://sofifa.com/player/215182,Ivan Bella,71,48,55,63,56,65,69,63,58,68,75,77,76,65,78,70,75,65,60,61,70,53,58,64,53,66,53,57,58,16,7,16,11,11
http://sofifa.com/player/235159,Gabriel Ramirez,58,64,67,62,48,62,57,70,68,67,64,69,71,64,69,63,59,79,74,56,74,66,58,66,48,63,57,57,56,5,15,13,8,10
http://sofifa.com/player/235927,Pablo Cuadra,40,65,63,57,54,70,49,33,50,68,79,78,76,59,79,71,65,64,67,55,32,18,57,51,61,45,22,21,16,15,10,14,13,5
http://sofifa.com/player/229539,Ezequiel Montagna,65,64,53,64,57,66,58,53,61,62,80,81,73,49,72,65,57,69,62,61,33,22,61,58,63,66,48,42,46,14,14,6,9,7
http://sofifa.com/player/235176,Christian Bernardi,65,59,50,66,47,63,61,70,59,66,74,81,76,59,73,69,59,67,59,44,48,39,62,65,66,56,35,49,51,8,7,6,7,9
http://sofifa.com/player/214969,Fernando Godoy,49,39,62,76,49,59,47,50,72,58,63,68,57,58,80,67,78,65,48,47,82,69,58,48,49,59,47,64,68,7,7,8,12,11
http://sofifa.com/player/215993,Dardo Miloc,55,33,57,66,34,63,40,45,67,65,64,66,67,67,68,48,57,85,63,58,66,64,61,62,39,57,60,65,56,15,10,10,15,7
http://sofifa.com/player/191165,Ramon Lentini,55,66,64,62,49,60,68,58,50,65,71,78,76,58,69,60,57,69,72,59,49,37,67,58,73,60,20,27,17,11,11,12,12,10
http://sofifa.com/player/231360,Jalil Elias,48,32,54,65,38,58,42,41,68,62,71,73,69,56,65,65,62,73,62,59,73,62,41,67,47,50,58,69,66,9,6,13,9,13
http://sofifa.com/player/215239,Jacobo Mansilla,73,56,72,63,42,69,70,72,63,70,76,77,71,71,76,62,68,71,71,69,75,47,60,70,45,64,40,46,42,13,13,13,7,7
http://sofifa.com/player/228809,Agustin Doffo,64,56,42,67,42,70,65,59,61,66,72,71,61,50,66,57,47,50,50,62,33,21,58,71,51,37,22,30,31,13,13,16,15,14
http://sofifa.com/player/215256,Renzo Saravia,70,22,52,45,32,66,32,36,59,53,74,75,72,62,65,48,80,90,67,24,83,63,25,32,48,42,65,63,65,12,12,16,12,15
http://sofifa.com/player/222428,Juan Komar,29,27,74,53,35,29,30,37,39,45,55,65,48,65,36,49,47,78,85,25,50,70,30,32,49,44,68,63,56,6,7,6,15,8
http://sofifa.com/player/234463,Nazareno Solis,59,66,40,63,62,71,56,55,46,66,83,81,86,63,86,64,57,49,37,59,31,18,56,52,48,49,25,26,28,10,10,11,13,10
http://sofifa.com/player/143073,Ivan Furios,46,23,66,51,42,40,46,34,42,52,39,51,34,61,50,56,53,32,85,22,76,61,36,43,42,56,61,68,63,15,6,16,7,8
http://sofifa.com/player/219625,Facundo Cardozo,46,29,62,52,33,48,35,29,48,51,72,69,59,61,61,45,83,73,76,22,66,63,37,30,37,50,64,68,66,13,9,8,13,7
http://sofifa.com/player/214762,Nicolas Avellaneda,18,20,13,25,14,20,13,18,25,17,51,53,44,62,35,16,57,24,66,14,27,19,20,20,25,39,16,15,14,66,62,64,62,71
http://sofifa.com/player/234223,Leandro Maciel,50,38,56,67,34,59,40,40,63,62,75,67,67,63,76,58,71,65,56,46,69,67,41,60,41,56,62,67,68,7,14,7,11,14
http://sofifa.com/player/143601,Mauro Rosales,69,55,52,69,61,65,75,73,63,70,53,54,63,68,71,65,47,34,56,58,53,45,65,67,68,70,34,47,39,10,16,9,6,8
http://sofifa.com/player/232697,Lautaro Geminiani,70,30,54,59,28,69,39,22,55,61,74,77,70,59,66,38,59,69,59,30,72,68,57,39,27,53,58,64,67,14,8,12,14,13
http://sofifa.com/player/226811,Franco Soldano,35,67,71,51,61,65,48,29,39,63,69,69,67,56,68,67,77,72,69,52,40,18,66,66,58,56,22,23,23,12,10,12,10,13
http://sofifa.com/player/224511,Ezequiel Bonifacio,64,33,61,54,31,61,41,46,36,64,71,71,73,63,77,35,88,69,48,37,62,64,54,45,55,52,64,68,69,10,7,15,11,6
http://sofifa.com/player/232712,Bautista Cascini,54,45,56,65,40,66,61,41,66,65,70,73,75,67,74,66,72,82,57,64,51,59,54,62,51,56,66,62,61,6,5,15,14,10
http://sofifa.com/player/223499,Mauricio Asenjo,25,67,66,44,68,63,35,58,24,67,54,58,64,58,64,71,67,67,76,63,52,19,63,52,64,56,19,24,18,6,13,7,7,12
http://sofifa.com/player/214809,Sebastian Luna,72,59,43,55,59,64,69,76,49,62,76,76,72,73,64,64,64,75,79,78,36,61,60,68,53,49,63,55,56,15,15,13,11,8
http://sofifa.com/player/219931,Diego Mendoza,41,67,63,62,47,63,52,35,55,63,61,71,62,57,53,63,63,67,72,63,30,33,62,55,60,65,21,38,17,14,14,13,11,6
http://sofifa.com/player/188968,Gonzalo Marinelli,12,15,21,17,14,14,16,16,18,25,30,39,31,58,58,12,61,33,28,13,21,23,17,31,18,28,17,18,15,65,62,66,65,67
http://sofifa.com/player/224814,Rodrigo Moreira,29,22,64,53,27,32,33,34,46,50,48,56,43,55,45,48,38,71,92,27,60,62,34,30,48,56,67,65,60,9,15,10,11,15
http://sofifa.com/player/224817,Rafael Barrios,60,30,53,61,34,58,48,34,54,63,71,68,59,63,68,36,56,59,71,33,61,64,58,41,45,49,62,65,70,14,7,9,9,14
http://sofifa.com/player/215356,Facundo Callejo,57,60,59,65,49,65,50,46,55,63,82,81,76,56,83,70,80,63,42,56,59,49,59,58,46,50,30,25,23,9,10,13,16,9
http://sofifa.com/player/228415,Leonardo Godoy,54,30,61,56,35,60,39,35,57,59,68,67,61,66,67,28,61,78,74,31,57,61,51,44,41,43,68,64,66,13,8,9,8,8
http://sofifa.com/player/224065,Domingo Blanco,55,50,36,68,45,65,49,50,61,71,74,71,82,60,63,54,57,66,46,47,49,31,54,65,40,59,32,34,30,10,8,11,13,10
http://sofifa.com/player/215113,Nicolas Bertocchi,68,57,74,63,41,63,64,42,65,62,51,55,59,67,51,75,40,75,74,79,72,58,59,62,48,57,60,63,61,7,12,11,11,15
http://sofifa.com/player/226123,Hernan Da Campo,64,64,41,62,39,63,57,54,53,65,70,74,64,61,66,62,62,72,66,56,58,48,58,66,55,49,49,55,45,12,12,14,14,13
http://sofifa.com/player/226382,Lucas Villarruel,50,32,47,68,44,62,39,46,66,67,70,71,62,64,72,49,82,75,59,46,56,62,44,56,47,59,59,65,60,14,16,15,13,6
http://sofifa.com/player/226390,Renzo Vera,48,30,65,55,38,39,38,58,58,52,47,48,39,54,56,74,59,52,81,59,78,60,31,26,70,40,64,62,66,8,6,15,14,15
http://sofifa.com/player/231264,Thomas Rodriguez,67,55,44,61,42,72,55,40,55,65,68,74,67,55,66,61,45,67,69,45,34,33,66,58,50,67,47,52,40,10,6,6,13,8
http://sofifa.com/player/226659,Joel Amoroso,53,60,58,59,42,66,58,47,58,58,70,74,64,69,53,68,61,69,74,60,40,29,71,65,44,64,24,30,35,13,8,16,11,14
http://sofifa.com/player/226407,Gaston Bojanich,25,19,72,36,30,31,26,24,33,39,51,51,31,58,37,40,72,67,87,17,58,65,28,27,37,68,66,66,58,15,6,12,8,6
http://sofifa.com/player/222315,Gabriel Esparza,56,49,50,65,49,63,61,46,58,64,88,83,82,59,85,65,58,72,44,58,44,25,56,61,55,67,49,54,58,8,8,13,9,13
http://sofifa.com/player/215148,Mariano Bittolo,63,34,55,60,35,58,42,38,34,57,76,77,61,57,75,40,74,69,50,35,62,58,54,37,47,57,62,64,67,11,6,16,15,12
http://sofifa.com/player/222830,Fausto Grillo,48,33,67,55,43,63,38,39,31,57,72,76,72,64,68,32,84,74,72,36,61,64,50,53,48,41,65,66,65,7,16,10,13,14
http://sofifa.com/player/226675,Federico Lanzillotta,18,16,17,28,19,12,20,12,21,13,24,23,25,53,38,23,66,21,53,17,16,11,15,24,24,17,20,15,15,66,65,61,63,68
http://sofifa.com/player/213624,Sebastian Lopez,12,16,14,23,18,14,17,12,24,17,44,47,37,73,37,19,59,30,63,14,22,16,11,33,25,29,12,17,15,62,65,56,64,62
http://sofifa.com/player/223097,Franco Cristaldo,49,49,49,71,47,60,49,58,70,70,75,74,80,63,81,60,64,59,63,58,70,59,49,64,57,59,63,61,55,14,12,9,11,14
http://sofifa.com/player/222587,Franco Escobar,58,28,65,55,34,60,42,28,51,63,69,74,62,53,67,46,71,66,65,37,68,60,47,33,49,52,65,66,70,15,9,12,13,7
http://sofifa.com/player/221053,Elias Gomez,58,33,58,59,35,60,41,34,45,61,73,75,65,59,66,33,56,74,65,32,62,58,50,36,45,39,62,66,67,13,15,10,15,8
http://sofifa.com/player/215170,Rodrigo Salinas,36,68,68,53,63,61,39,28,32,62,47,55,50,65,55,69,69,60,73,56,61,26,63,49,66,50,21,28,27,7,12,8,14,9
http://sofifa.com/player/214659,Nicolas Freire,33,26,64,49,31,45,29,29,32,53,54,54,42,58,54,40,60,60,81,21,68,61,24,29,40,59,64,65,62,7,16,10,12,11
http://sofifa.com/player/232067,Neri Bandiera,34,64,57,60,38,67,31,27,49,66,75,76,80,68,82,51,61,61,40,79,25,17,73,51,61,50,18,17,17,9,11,11,11,5
http://sofifa.com/player/162952,Mauricio Caranta,12,12,12,20,12,10,11,10,22,14,45,51,49,71,44,20,74,38,66,13,32,24,13,48,23,65,12,11,12,54,69,66,67,62
http://sofifa.com/player/226447,Santiago Echeverria,28,21,65,50,25,35,26,27,36,31,47,52,44,63,46,31,58,56,75,19,60,67,20,23,35,59,67,67,64,13,11,16,15,16
http://sofifa.com/player/227216,Ignacio Boggino,37,17,68,35,24,36,36,25,43,38,40,35,35,65,38,39,64,56,83,21,68,68,32,37,30,61,65,66,61,9,8,12,8,6
http://sofifa.com/player/222611,Denis Rodriguez,66,55,52,68,59,67,55,52,64,66,72,69,72,60,69,68,71,65,44,62,61,51,66,63,54,61,43,55,52,6,12,16,12,6
http://sofifa.com/player/235926,Matias Zaracho,60,56,43,68,49,69,65,58,63,63,86,84,88,53,88,58,55,72,31,49,55,43,51,48,57,59,47,44,36,8,14,12,6,9
http://sofifa.com/player/224410,Adrian Scifo,56,25,50,58,22,47,45,43,58,63,73,72,59,68,64,46,80,80,65,31,63,65,57,48,50,70,67,66,56,9,9,12,7,16
